word_lower	word_cap	alt_caps	examples	source	status	notes
aalfs	Aalfs		Ruijs-Aalfs progeroid syndrome	OMIM	cap	
aarskog	Aarskog		Aarskog-Scott syndrome	OMIM	cap	
abcd	ABCD		ABCD syndrome	OMIM	cap	
abdominal	Abdominal		Abdominal obesity-metabolic syndrome 4; Abdominal obesity-metabolic syndrome 1; Abdominal obesity-metabolic syndrome	OMIM	lower	
abetalipoproteinemia	Abetalipoproteinemia		Abetalipoproteinemia	OMIM	lower	
abidi	Abidi		Intellectual developmental disorder, X-linked syndromic, ...	OMIM	cap	
ablepharon	Ablepharon		Ablepharon-macrostomia syndrome	OMIM	lower	
abnormal	Abnormal		Abnormal hair, joint laxity, and developmental delay	OMIM	lower	
abo	ABO		Blood group, ABO system	OMIM	cap	
abruzzo	Abruzzo		Abruzzo-Erickson syndrome	OMIM	cap	
acatalasemia	Acatalasemia		Acatalasemia	OMIM	lower	
accelerated	Accelerated		Accelerated tumor formation, susceptibility to	OMIM	lower	
acces	ACCES		ACCES syndrome	OMIM	cap	
ace	ACE		Angioedema induced by ACE inhibitors, susceptibility to	OMIM	cap	
aceruloplasminemia	Aceruloplasminemia		Aceruloplasminemia	OMIM	lower	
acetyl	Acetyl		Acetyl-CoA carboxylase deficiency	OMIM	lower	
acetylation	Acetylation		Acetylation, slow	OMIM	lower	
achalasia	Achalasia		Achalasia-progeroid syndrome; Achalasia-addisonianism-alacrimia syndrome	OMIM	lower	
acheiropody	Acheiropody		Acheiropody	OMIM	lower	
achondrogenesis	Achondrogenesis		Achondrogenesis Ib; Achondrogenesis, type II or hypochondrogenesis; Achondrogenesis, type IA	OMIM	lower	
achondroplasia	Achondroplasia		Achondroplasia	OMIM	lower	
achromatopsia	Achromatopsia		Achromatopsia 4; Achromatopsia 7; Achromatopsia 2	OMIM	lower	
acid	Acid		Acid-labile subunit, deficiency of	OMIM	lower	
acne	Acne		Acne inversa, familial, 1; Acne inversa, familial, 3; Acne inversa, familial, 2, with or without Dowling-Degos ...	OMIM	lower	
acrocallosal	Acrocallosal		Acrocallosal syndrome	OMIM	lower	
acrocapitofemoral	Acrocapitofemoral		Acrocapitofemoral dysplasia	OMIM	lower	
acrodermatitis	Acrodermatitis		Acrodermatitis enteropathica	OMIM	lower	
acrodysostosis	Acrodysostosis		Acrodysostosis 2, with or without hormone resistance; Acrodysostosis 1, with or without hormone resistance	OMIM	lower	
acrofacial	Acrofacial		Acrofacial dysostosis 1, Nager type; Acrofacial dysostosis, Cincinnati type	OMIM	lower	
acrokeratosis	Acrokeratosis		Acrokeratosis verruciformis	OMIM	lower	
acromegaloid	Acromegaloid		Acromegaloid features, overgrowth, cleft palate, and hernia	OMIM	lower	
acromelic	Acromelic		Acromelic frontonasal dysostosis	OMIM	lower	
acromesomelic	Acromesomelic		Acromesomelic dysplasia 4; Acromesomelic dysplasia 3; Acromesomelic dysplasia 1, Maroteaux type	OMIM	lower	
acromicric	Acromicric		Acromicric dysplasia	OMIM	lower	
acropectoral	Acropectoral		Acropectoral syndrome	OMIM	lower	
acropectorovertebral	Acropectorovertebral		Acropectorovertebral dysplasia	OMIM	lower	
acth	ACTH		ACTH-independent macronodular adrenal hyperplasia 3; Pituitary adenoma, ACTH-secreting, somatic (3); Pituitary adenoma 4, ACTH-secreting, somatic	OMIM	cap	
acute	Acute		Acute insulin response; Acute myeloid leukemia, somatic	OMIM	lower	
acyl	Acyl		Acyl-CoA dehydrogenase, medium chain, deficiency of; Acyl-CoA dehydrogenase, short-chain, deficiency of	OMIM	lower	
adams	Adams		Adams-Oliver syndrome 4; Adams-Oliver syndrome 1; Adams-Oliver syndrome 3	OMIM	cap	
adelaide	Adelaide		Craniosynostosis, Adelaide type	OMIM	cap	
adenine	Adenine		Adenine phosphoribosyltransferase deficiency	OMIM	lower	
adenocarcinoma	Adenocarcinoma		Adenocarcinoma, colonic, somatic (3); Adenocarcinoma of lung, somatic; Adenocarcinoma of lung, response to tyrosine kinase inhib...	OMIM	lower	
adenoma	Adenoma		Adenoma, periampullary, somatic	OMIM	lower	
adenomas	Adenomas		Adenomas, multiple colorectal; Adenomas, salivary gland pleomorphic, somatic	OMIM	lower	
adenomatous	Adenomatous		Adenomatous polyposis coli	OMIM	lower	
adenosine	Adenosine		Adenosine triphosphate, elevated, of erythrocytes; Adenosine deaminase deficiency, partial	OMIM	lower	
adenylosuccinase	Adenylosuccinase		Adenylosuccinase deficiency	OMIM	lower	
adermatoglyphia	Adermatoglyphia		Adermatoglyphia	OMIM	lower	
adiponectin	Adiponectin		Adiponectin deficiency; Adiponectin, serum level of, QTL2; Adiponectin, serum level of, QTL4	OMIM	lower	
adrenal	Adrenal		Adrenal hyperplasia, congenital, due to 3-beta-hydroxyste...; Adrenal hyperplasia, congenital, due to 21-hydroxylase de...; Adrenal hyperplasia, congenital, due to 11-beta-hydroxyla...	OMIM	lower	
adrenocortical	Adrenocortical		Adrenocortical insufficiency; Adrenocortical carcinoma, pediatric; Adrenocortical tumor, somatic (3)	OMIM	lower	
adrenoleukodystrophy	Adrenoleukodystrophy		Adrenoleukodystrophy	OMIM	lower	
adult	ADULT	ADULT (1); Adult (1)	ADULT syndrome; Adult i phenotype without cataract	OMIM	lower	common word, handle deviations with pattern
advanced	Advanced		Advanced sleep phase syndrome, familial, 3; Advanced sleep phase syndrome, familial, 1; Advanced sleep-phase syndrome, familial, 2	OMIM	lower	
afibrinogenemia	Afibrinogenemia		Afibrinogenemia, congenital	OMIM	lower	
agammaglobulinemia	Agammaglobulinemia		Agammaglobulinemia 7, autosomal recessive; Agammaglobulinemia 9, autosomal recessive; Agammaglobulinemia 5	OMIM	lower	
age	Age		Age-related hearing impairment 2; Age-related hearing impairment 1	OMIM	lower	
agenesis	Agenesis		Agenesis of the corpus callosum with peripheral neuropathy; Agenesis of corpus callosum, cardiac, ocular, and genital...	OMIM	lower	
agnathia	Agnathia		Agnathia-otocephaly complex	OMIM	lower	
aharoni	Aharoni		Birk-Aharoni syndrome	OMIM	cap	
aica	AICA		AICA-ribosiduria due to ATIC deficiency	OMIM	cap	
aicardi	Aicardi		Aicardi-Goutieres syndrome 6; Aicardi-Goutieres syndrome 7; Aicardi-Goutieres syndrome 1, dominant and recessive	OMIM	cap	
ain	Ain		Rhizomelic dysplasia, Ain-Naz type; Dysostosis multiplex, Ain-Naz type	OMIM	cap	
akhtar	Akhtar		Basilicata-Akhtar syndrome	OMIM	cap	
alacrima	Alacrima		Alacrima, achalasia, and impaired intellectual developmen...	OMIM	lower	
alagille	Alagille		Alagille syndrome 2; Alagille syndrome 1	OMIM	cap	
aland	Aland		Aland Island eye disease	OMIM	cap	
alazami	Alazami		Alazami syndrome; Alazami-Yuan syndrome	OMIM	cap	
albinism	Albinism		Albinism, oculocutaneous, type V; Albinism, oculocutaneous, type IV; Albinism, oculocutaneous, type III	OMIM	lower	
albright	Albright		McCune-Albright syndrome, somatic mosaic	OMIM	cap	
alcohol	Alcohol		Alcohol dependence, susceptibility to; Alcohol dependence, protection against; Alcohol sensitivity, acute	OMIM	lower	
aldosteronism	Aldosteronism		Aldosteronism, glucocorticoid-remediable	OMIM	lower	
aldrich	Aldrich		Wiskott-Aldrich syndrome 2; Wiskott-Aldrich syndrome	OMIM	cap	
alexander	Alexander		Alexander disease	OMIM	cap	
alfadhel	Alfadhel		Alfadhel syndrome	OMIM	cap	
algerian	Algerian		Spondylometaphyseal dysplasia, Algerian type	OMIM	cap	
aliu	Aliu		Hoxha-Aliu syndrome	OMIM	cap	
alkaline	Alkaline		Alkaline phosphatase, plasma level of, QTL 2; Alkaline phosphatase, plasma level of, QTL3; Alkaline phosphatase, plasma level of, QTL1	OMIM	lower	
alkaptonuria	Alkaptonuria		Alkaptonuria	OMIM	lower	
alkuraya	Alkuraya		Alkuraya-Kucinskas syndrome; Spondyloepimetaphyseal dysplasia, Faden-Alkuraya type	OMIM	cap	
allan	Allan		Allan-Herndon-Dudley syndrome	OMIM	cap	
allergic	Allergic		Allergic rhinitis, susceptibility to	OMIM	lower	
almeida	Almeida		Mandibulofacial dysostosis, Guion-Almeida type	OMIM	cap	
almurshedi	Almurshedi		Tan-Almurshedi syndrome	OMIM	cap	
alopecia	Alopecia		Alopecia, androgenetic, 1; Alopecia-intellectual disability syndrome 2; Alopecia-intellectual disability syndrome 1	OMIM	lower	
alpers	Alpers		Mitochondrial DNA depletion syndrome 4A (Alpers type)	OMIM	cap	
alpha	Alpha		Alpha-fetoprotein deficiency; Alpha-methylacyl-CoA racemase deficiency; Alpha-aminoadipic and alpha-ketoadipic aciduria	OMIM	lower	
alport	Alport		Alport syndrome 2, autosomal recessive; Alport syndrome 3A, autosomal dominant; Alport syndrome 3B, autosomal recessive	OMIM	cap	
alsahan	Alsahan		Alsahan-Harris syndrome	OMIM	cap	
alstrom	Alstrom		Alstrom syndrome	OMIM	cap	
alternating	Alternating		Alternating hemiplegia of childhood 1; Alternating hemiplegia of childhood 2	OMIM	lower	
alveolar	Alveolar		Alveolar capillary dysplasia with misalignment of pulmona...; Alveolar soft-part sarcoma	OMIM	lower	
alzahrani	Alzahrani		Alzahrani-Kuwahara syndrome	OMIM	cap	
alzheimer	Alzheimer		Alzheimer disease-13; Alzheimer disease-14; Alzheimer disease-4	OMIM	cap	
ambras	Ambras		Hypertrichosis universalis congenita, Ambras type	OMIM	cap	
amed	AMED		AMED syndrome, digenic	OMIM	cap	
amegakaryocytic	Amegakaryocytic		Amegakaryocytic thrombocytopenia, congenital, 1; Amegakaryocytic thrombocytopenia, congenital, 2	OMIM	lower	
amelia	Amelia		Amelia, posterior, with pelvic and pulmonary hypoplasia s...	OMIM	lower	
amelogenesis	Amelogenesis		Amelogenesis imperfecta, type IA; Amelogenesis imperfecta, type IH; Amelogenesis imperfecta, type IIIB	OMIM	lower	
american	American		North American Indian childhood cirrhosis	OMIM	cap	
amiel	Amiel		Chopra-Amiel-Gordon syndrome	OMIM	cap	
aminoacylase	Aminoacylase		Aminoacylase 1 deficiency	OMIM	lower	
amish	Amish		Microcephaly, Amish type	OMIM	cap	
amme	AMME		AMME complex	OMIM	cap	
amp	AMP		AMP deaminase deficiency, erythrocytic	OMIM	cap	
amyloidosis	Amyloidosis		Amyloidosis, hereditary systemic 2; Amyloidosis, primary localized cutaneous, 1; Amyloidosis, primary localized cutaneous, 2	OMIM	lower	
amyotrophic	Amyotrophic		Amyotrophic lateral sclerosis 10, with or without FTD; Amyotrophic lateral sclerosis 26 with or without frontote...; Amyotrophic lateral sclerosis, susceptibility to	OMIM	lower	
amyotrophy	Amyotrophy		Amyotrophy, hereditary neuralgic	OMIM	lower	
anal	Anal		Anal canal carcinoma	OMIM	lower	
analbuminemia	Analbuminemia		Analbuminemia	OMIM	lower	
analgesia	Analgesia		Analgesia from kappa-opioid receptor agonist, female-spec...	OMIM	lower	
anauxetic	Anauxetic		Anauxetic dysplasia 3; Anauxetic dysplasia 2; Anauxetic dysplasia 1	OMIM	lower	
andersen	Andersen		Andersen syndrome	OMIM	cap	
androgen	Androgen		Androgen insensitivity, partial, with or without breast c...; Androgen insensitivity	OMIM	lower	
anemia	Anemia		Anemia, congenital, nonspherocytic hemolytic, 2, pyruvate...; Anemia, hypochromic microcytic, with iron overload 2; Anemia, sideroblastic, 2, pyridoxine-refractory	OMIM	lower	
anencephaly	Anencephaly		Anencephaly 2; Anencephaly 1	OMIM	lower	
aneurysm	Aneurysm		Aneurysm, intracranial berry, 3; Aneurysm, intracranial berry, 9; Aneurysm, intracranial berry, 4	OMIM	lower	
aneurysmal	Aneurysmal		Aneurysmal bone cysts	OMIM	lower	
angelman	Angelman		Angelman syndrome	OMIM	cap	
angio	Angio		Angio serpiginosum	OMIM	lower	this is supposed to be angioma
angioedema	Angioedema		Angioedema, hereditary, 6; Angioedema, hereditary, 3; Angioedema, hereditary, 4	OMIM	lower	
angiopathy	Angiopathy		Angiopathy, hereditary, with nephropathy, aneurysms, and ...	OMIM	lower	
angiotensin	Angiotensin		Angiotensin I-converting enzyme, benign serum increase	OMIM	lower	
anhaptoglobinemia	Anhaptoglobinemia		Anhaptoglobinemia	OMIM	lower	
anhidrosis	Anhidrosis		Anhidrosis, isolated, with normal sweat glands	OMIM	lower	
aniridia	Aniridia		Aniridia 2; Aniridia; Aniridia 3	OMIM	lower	
anisomastia	Anisomastia		Anisomastia	OMIM	lower	
ankylosing	Ankylosing		Ankylosing spondylitis, susceptibility to, 1	OMIM	lower	
anonychia	Anonychia		Anonychia congenita	OMIM	lower	
anorexia	Anorexia		Anorexia nervosa, susceptibility to, 1	OMIM	lower	
anosmia	Anosmia		Anosmia, isolated congenital	OMIM	lower	
anterior	Anterior		Anterior segment dysgenesis 2, multiple subtypes; Anterior segment dysgenesis 7, with sclerocornea; Anterior segment dysgenesis 6, multiple subtypes	OMIM	lower	
antiphospholipid	Antiphospholipid		Antiphospholipid syndrome, familial	OMIM	lower	
antley	Antley		Antley-Bixler syndrome with genital anomalies and disorde...; Antley-Bixler syndrome without genital anomalies or disor...	OMIM	cap	
anxiety	Anxiety		Anxiety-related personality traits	OMIM	lower	
aortic	Aortic		Aortic aneurysm, familial thoracic 11, susceptibility to; Aortic aneurysm, familial thoracic 7; Aortic aneurysm, familial abdominal 2	OMIM	lower	
apert	Apert		Apert syndrome	OMIM	cap	
aplasia	Aplasia		Aplasia cutis-enamel dysplasia syndrome; Aplasia of lacrimal and salivary glands; Aplasia cutis congenita, nonsyndromic	OMIM	lower	
aplastic	Aplastic		Aplastic anemia, susceptibility to; Aplastic anemia	OMIM	lower	
apnea	Apnea		Apnea, postanesthetic, susceptibility to, due to BCHE def...	OMIM	lower	
apolipoprotein	Apolipoprotein		?Apolipoprotein A-II deficiency; Apolipoprotein C-III deficiency	OMIM	lower	
apparent	Apparent		Apparent mineralocorticoid excess	OMIM	lower	
aquaporin	Aquaporin		Aquaporin-1 deficiency	OMIM	lower	
arboleda	Arboleda		Arboleda-Tham syndrome	OMIM	cap	
argente	Argente		Short stature, Dauber-Argente type	OMIM	cap	
argininemia	Argininemia		Argininemia	OMIM	lower	
argininosuccinic	Argininosuccinic		Argininosuccinic aciduria	OMIM	lower	
armfield	Armfield		Intellectual developmental disorder, X-linked syndromic, ...	OMIM	cap	
aromatase	Aromatase		Aromatase excess syndrome; Aromatase deficiency	OMIM	lower	
aromatic	Aromatic		Aromatic L-amino acid decarboxylase deficiency	OMIM	lower	
arrhythmogenic	Arrhythmogenic		Arrhythmogenic right ventricular dysplasia 4; Arrhythmogenic right ventricular dysplasia 5; Arrhythmogenic right ventricular dysplasia 8	OMIM	lower	
arterial	Arterial		Arterial tortuosity-bone fragility syndrome; Arterial calcification, generalized, of infancy, 1; Arterial calcification, generalized, of infancy, 2	OMIM	lower	
arteriovenous	Arteriovenous		Arteriovenous malformation of the brain, somatic	OMIM	lower	
arthrogryposis	Arthrogryposis		Arthrogryposis, impaired intellectual development, and se...; Arthrogryposis multiplex congenita 6; Arthrogryposis, distal, type 10	OMIM	lower	
arts	Arts		Arts syndrome	OMIM	lower	common word, handle deviations with pattern
asparagine	Asparagine		Asparagine synthetase deficiency	OMIM	lower	
aspartate	Aspartate		Aspartate aminotransferase, serum level of, QTL1	OMIM	lower	
aspartylglucosaminuria	Aspartylglucosaminuria		Aspartylglucosaminuria	OMIM	lower	
asperger	Asperger		Asperger syndrome susceptibility 3; Asperger syndrome susceptibility 4; Asperger syndrome susceptibility 1	OMIM	cap	
aspergillosis	Aspergillosis		Aspergillosis, susceptibility to	OMIM	lower	
asplenia	Asplenia		Asplenia, isolated congenital	OMIM	lower	
asthma	Asthma		Asthma-related traits, susceptibility to, 4; Asthma-related traits, susceptibility to, 7; Asthma-related traits, susceptibility to, 3	OMIM	lower	
atad	ATAD		Chromosome 1p36.33 duplication syndrome, ATAD3 gene cluster	OMIM	cap	
ataxia	Ataxia		Ataxia-pancytopenia syndrome; Ataxia, sensory, 1, autosomal dominant; Ataxia with isolated vitamin E deficiency	OMIM	lower	
atelis	Atelis		Atelis syndrome 2; Atelis syndrome 1	OMIM	cap	
atelosteogenesis	Atelosteogenesis		Atelosteogenesis, type I; Atelosteogenesis, type III; Atelosteogenesis, type II	OMIM	lower	
athabaskan	Athabaskan		Athabaskan brainstem dysgenesis syndrome	OMIM	cap	
atherosclerosis	Atherosclerosis		Atherosclerosis, susceptibility to} (3); Atherosclerosis, susceptibility to	OMIM	lower	
atic	ATIC		AICA-ribosiduria due to ATIC deficiency	OMIM	cap	
atp	ATP		Mitochondrial complex V (ATP synthase) deficiency, nuclea...; Mitochondrial complex V (ATP synthase) deficiency, nuclea...; Mitochondrial complex V (ATP synthase) deficiency, nuclea...	OMIM	cap	
atransferrinemia	Atransferrinemia		Atransferrinemia	OMIM	lower	
atrial	Atrial		Atrial standstill 2; Atrial fibrillation, familial, 6; Atrial fibrillation, familial, 11	OMIM	lower	
atrichia	Atrichia		Atrichia with papular lesions	OMIM	lower	
atrioventricular	Atrioventricular		Atrioventricular septal defect, susceptibility to, 1; Atrioventricular septal defect, partial, with heterotaxy ...; Atrioventricular septal defect, susceptibility to, 2	OMIM	lower	
attention	Attention		Attention deficit-hyperactivity disorder, susceptibility ...; Attention deficit-hyperactivity disorder, susceptibility to; Attention deficit-hyperactivity disorder, susceptibility ...	OMIM	lower	
auditory	Auditory		Auditory neuropathy, autosomal recessive, 1; Auditory neuropathy, autosomal dominant 3; Auditory neuropathy, autosomal dominant 1	OMIM	lower	
aural	Aural		Aural atresia, congenital	OMIM	lower	
auriculocondylar	Auriculocondylar		Auriculocondylar syndrome 1; Auriculocondylar syndrome 3; Auriculocondylar syndrome 4	OMIM	lower	
auroneurodental	Auroneurodental		Auroneurodental syndrome	OMIM	lower	
autism	Autism		Autism susceptibility 11; ?Autism susceptibility 16; Autism susceptibility 8	OMIM	lower	
autoimmune	Autoimmune		Autoimmune disease, susceptibility to, 1; Autoimmune lymphoproliferative syndrome, type IB; Autoimmune disease, multisystem, infantile-onset, 2	OMIM	lower	
autoinflammation	Autoinflammation		Autoinflammation, immune dysregulation, and eosinophilia; Autoinflammation and autoimmunity, systemic, with immune ...; Autoinflammation with infantile enterocolitis	OMIM	lower	
autoinflammatory	Autoinflammatory		Autoinflammatory syndrome, familial, Behcet-like 1; Autoinflammatory disease, systemic, with vasculitis; Autoinflammatory disease, familial, Behcet-like-3	OMIM	lower	
autonomic	Autonomic		Autonomic nervous system dysfunction (3)	OMIM	lower	
avascular	Avascular		Avascular necrosis of the femoral head; Avascular necrosis of femoral head, primary, 2	OMIM	lower	
avellino	Avellino		Corneal dystrophy, Avellino type	OMIM	cap	
axenfeld	Axenfeld		Axenfeld-Rieger syndrome, type 1; Axenfeld-Rieger syndrome, type 3; Scaphocephaly and Axenfeld-Rieger anomaly (3)	OMIM	cap	
ayme	Ayme		Ayme-Gripp syndrome	OMIM	cap	
azoospermia	Azoospermia		Azoospermia, obstructive, with nephrolithiasis	OMIM	lower	
bachmann	Bachmann		Bachmann-Bupp syndrome	OMIM	cap	
bacteremia	Bacteremia		Bacteremia, susceptibility to; Bacteremia, protection against	OMIM	lower	
bain	Bain		Intellectual developmental disorder, X-linked syndromic, ...	OMIM	cap	
bainbridge	Bainbridge		Bainbridge-Ropers syndrome	OMIM	cap	
bakalinova	Bakalinova		Al-Gazali-Bakalinova syndrome	OMIM	cap	
baker	Baker		Baker-Gordon syndrome	OMIM	cap	may need to allow lowercase = common word; not yet aware of any common use
baller	Baller		Baller-Gerold syndrome	OMIM	cap	
bamforth	Bamforth		Bamforth-Lazarus syndrome	OMIM	cap	
band	Band		Band heterotopia	OMIM	lower	
banka	Banka		Faundes-Banka syndrome	OMIM	cap	
baraitser	Baraitser		Temple-Baraitser syndrome; Baraitser-Winter syndrome 1; Nicolaides-Baraitser syndrome	OMIM	cap	
barakat	Barakat		Kaya-Barakat-Masson syndrome	OMIM	cap	
baralle	Baralle		Baralle-Macken syndrome	OMIM	cap	
barber	Barber		Barber-Say syndrome	OMIM	lower	common word, handle deviations with pattern
bardet	Bardet		Bardet-Biedl syndrome 1, modifier of; Bardet-Biedl syndrome 16; Bardet-Biedl syndrome 20	OMIM	cap	
barel	Barel		Birk-Barel syndrome	OMIM	cap	
barnes	Barnes		Osteochondrodysplasia, complex lethal, Symoens-Barnes-Gis...	OMIM	cap	
baron	Baron		Lui-Jee-Baron syndrome	OMIM	cap	
barr	Barr		Immunodeficiency 134 (Epstein-Barr virus-specific); Immunodeficiency, X-linked, with magnesium defect, Epstei...	OMIM	cap	
barrett	Barrett		Barrett esophagus/esophageal adenocarcinoma	OMIM	cap	
barrow	Barrow		Donnai-Barrow syndrome	OMIM	cap	
bart	Bart		Epidermolysis bullosa dystrophica, Bart type; Bart-Pumphrey syndrome	OMIM	cap	
barth	Barth		Barth syndrome	OMIM	cap	
bartsocas	Bartsocas		Popliteal pterygium syndrome, Bartsocas-Papas type 2; Popliteal pterygium syndrome, Bartsocas-Papas type 1	OMIM	cap	
bartter	Bartter		Bartter syndrome, type 4b, digenic; Bartter syndrome, type 3; Bartter syndrome, type 4a	OMIM	cap	
basal	Basal		Basal cell carcinoma, susceptibility to, 1; Basal cell carcinoma, somatic; Basal ganglia calcification, idiopathic, 6	OMIM	lower	
basan	Basan		Basan syndrome	OMIM	cap	
basel	Basel		Basel-Vanagaite-Smirin-Yosef syndrome	OMIM	cap	
basilicata	Basilicata		Basilicata-Akhtar syndrome	OMIM	cap	
bazex	Bazex		Bazex-Dupre-Christol syndrome	OMIM	cap	
bcard	BCARD		BCARD syndrome (lysyl hydroxylase 3 deficiency)	OMIM	cap	
bdv	BDV		BDV syndrome	OMIM	cap	
beare	Beare		Beare-Stevenson cutis gyrata syndrome	OMIM	cap	
beaulieu	Beaulieu		Beaulieu-Boycott-Innes syndrome	OMIM	cap	
beck	Beck		Beck-Fahrner syndrome	OMIM	cap	
becker	Becker		Becker nevus, syndromic or isolated, somatic mosaic; Becker muscular dystrophy	OMIM	cap	
beckwith	Beckwith		Beckwith-Wiedemann syndrome	OMIM	cap	
behcet	Behcet		Autoinflammatory syndrome, familial, Behcet-like 1; Autoinflammatory disease, familial, Behcet-like-3; Autoinflammatory syndrome, familial, X-linked, Behcet-like 2	OMIM	cap	
behmel	Behmel		Simpson-Golabi-Behmel syndrome, type 2; Simpson-Golabi-Behmel syndrome, type 1	OMIM	cap	
behnke	Behnke		Corneal dystrophy, Thiel-Behnke type	OMIM	cap	
behr	Behr		Behr syndrome	OMIM	cap	
bellen	Bellen		Pan-Chung-Bellen syndrome	OMIM	cap	
bent	Bent		Bent bone dysplasia syndrome; Bent bone dysplasia syndrome 2	OMIM	lower	
bernard	Bernard		Bernard-Soulier syndrome, type C; Bernard-Soulier syndrome, type A1 (recessive); Bernard-Soulier syndrome, type A2 (dominant)	OMIM	cap	
bestrophinopathy	Bestrophinopathy		Bestrophinopathy, autosomal recessive	OMIM	lower	
beta	Beta		Beta-aminoisobutyric acid, urinary excretion of; Beta-glycopyranoside tasting; Beta-ureidopropionase deficiency	OMIM	lower	
bethlem	Bethlem		Bethlem myopathy 1C; Bethlem myopathy 2; Bethlem myopathy 1A	OMIM	cap	
beukes	Beukes		Hip dysplasia, Beukes type	OMIM	cap	
beuren	Beuren		Williams-Beuren syndrome	OMIM	cap	
bhoj	Bhoj		Bryant-Li-Bhoj neurodevelopmental syndrome 1; Bryant-Li-Bhoj neurodevelopmental syndrome 2; Mulchandani-Bhoj-Conlin syndrome	OMIM	cap	
bickel	Bickel		Fanconi-Bickel syndrome	OMIM	cap	
bicknell	Bicknell		Tessadori-Bicknell-van Haaften neurodevelopmental syndrome 1; Tessadori-Bicknell-van Haaften neurodevelopmental syndrome 3; Tessadori-Bicknell-van Haaften neurodevelopmental syndrome 4	OMIM	cap	
biedl	Biedl		Bardet-Biedl syndrome 1, modifier of; Bardet-Biedl syndrome 16; Bardet-Biedl syndrome 20	OMIM	cap	
bienvenu	Bienvenu		Poirier-Bienvenu neurodevelopmental syndrome	OMIM	cap	
bietti	Bietti		Bietti crystalline corneoretinal dystrophy	OMIM	cap	
bifid	Bifid		Bifid nose with or without anorectal and renal anomalies	OMIM	lower	
bile	Bile		Bile acid synthesis defect, congenital, 5; Bile acid synthesis defect, congenital, 6; Bile acid synthesis defect, congenital, 4	OMIM	lower	
biliary	Biliary		Biliary cirrhosis, primary, 3; Biliary cirrhosis, primary, 1; Biliary cirrhosis, primary, 2	OMIM	lower	
bilirubin	Bilirubin		Bilirubin, serum level of, QTL1	OMIM	lower	
billuart	Billuart		Intellectual developmental disorder, X-linked syndromic, ...	OMIM	cap	
biotinidase	Biotinidase		Biotinidase deficiency	OMIM	lower	
birbeck	Birbeck		?Birbeck granule deficiency	OMIM	cap	
birk	Birk		Birk-Landau-Perez syndrome; Halperin-Birk syndrome; Birk-Barel syndrome	OMIM	cap	
birt	Birt		Birt-Hogg-Dube syndrome 2; Birt-Hogg-Dube syndrome	OMIM	cap	
birth	Birth		Birth weight QTL 3; Birth weight QTL 2; Birth weight QTL4	OMIM	lower	
bixler	Bixler		Antley-Bixler syndrome with genital anomalies and disorde...; Antley-Bixler syndrome without genital anomalies or disor...	OMIM	cap	
bjornsson	Bjornsson		Pilarowski-Bjornsson syndrome	OMIM	cap	
bjornstad	Bjornstad		Bjornstad syndrome	OMIM	cap	
blackfan	Blackfan		Diamond-Blackfan anemia 7; Diamond-Blackfan anemia 6; Diamond-Blackfan anemia 17	OMIM	cap	
bladder	Bladder		Bladder cancer, somatic; Bladder dysfunction, autonomic, with impaired pupillary r...	OMIM	lower	
blau	Blau		Blau syndrome	OMIM	cap	
bleeding	Bleeding		Bleeding disorder, platelet-type, 22; Bleeding disorder, east Texas type; Bleeding disorder, platelet-type, 8	OMIM	lower	
blepharocheilodontic	Blepharocheilodontic		Blepharocheilodontic syndrome 2; Blepharocheilodontic syndrome 1	OMIM	lower	
blepharophimosis	Blepharophimosis		Blepharophimosis, epicanthus inversus, and ptosis, types ...; Blepharophimosis-impaired intellectual development syndrome	OMIM	lower	
blepharospasm	Blepharospasm		Blepharospasm, primary benign	OMIM	lower	
blistering	Blistering		Blistering, acantholytic, of oral and laryngeal mucosa	OMIM	lower	
blizzard	Blizzard		Johanson-Blizzard syndrome	OMIM	lower	common word, handle deviations with pattern
blok	Blok		Snijders Blok-Fisher syndrome; Snijders Blok-Campeau syndrome; Intellectual developmental disorder, X-linked syndromic, ...	OMIM	cap	
blomstrand	Blomstrand		Chondrodysplasia, Blomstrand type	OMIM	cap	
blood	Blood		Blood group, Vel system; Blood group, RH system; Blood group, Scianna system	OMIM	lower	
bloom	Bloom		Bloom syndrome	OMIM	cap	may need to allow lowercase = common word; not yet aware of any common use
blue	Blue		Blue cone monochromacy	OMIM	lower	
bodmer	Bodmer		Vissers-Bodmer syndrome	OMIM	cap	
body	Body		Body mass index QTL13; Body mass index QTL3; Body mass index QTL1	OMIM	lower	
boer	Boer		den Hoed-de Boer-Voisin syndrome	OMIM	cap	
bohring	Bohring		Bohring-Opitz syndrome	OMIM	cap	
boltshauser	Boltshauser		Poretti-Boltshauser syndrome	OMIM	cap	
bombay	Bombay		Bombay phenotype, digenic; Bombay phenotype	OMIM	cap	
bone	Bone		Bone mineral density QTL 3; Bone mineral density QTL 14; Bone marrow failure syndrome 4	OMIM	lower	
bonni	Bonni		Ferguson-Bonni neurodevelopmental syndrome	OMIM	cap	
boomerang	Boomerang		Boomerang dysplasia	OMIM	lower	
boonstra	Boonstra		Bosch-Boonstra-Schaaf optic atrophy syndrome	OMIM	cap	
borjeson	Borjeson		Borjeson-Forssman-Lehmann syndrome	OMIM	cap	
bornholm	Bornholm		Bornholm eye disease	OMIM	cap	
borochowitz	Borochowitz		Spondyloepimetaphyseal dysplasia, Borochowitz-Cormier-Dai...	OMIM	cap	
borroto	Borroto		Karayol-Borroto-Haghshenas neurodevelopmental syndrome	OMIM	cap	
bosch	Bosch		Bosch-Boonstra-Schaaf optic atrophy syndrome	OMIM	cap	
bosma	Bosma		Bosma arhinia microphthalmia syndrome	OMIM	cap	
bothnia	Bothnia		Bothnia retinal dystrophy	OMIM	cap	
bothnian	Bothnian		Palmoplantar keratoderma, Bothnian type	OMIM	cap	
boucher	Boucher		Boucher-Neuhauser syndrome	OMIM	cap	
boudin	Boudin		Boudin-Mortier syndrome	OMIM	cap	
bowen	Bowen		Bowen-Conradi syndrome	OMIM	cap	
boycott	Boycott		Beaulieu-Boycott-Innes syndrome	OMIM	lower	common word, handle deviations with pattern
brachycephaly	Brachycephaly		Brachycephaly, trichomegaly, and developmental delay	OMIM	lower	
brachydactyly	Brachydactyly		Brachydactyly, type E; Brachydactyly, type D; Brachydactyly-syndactyly syndrome	OMIM	lower	
brachyolmia	Brachyolmia		Brachyolmia 4 with mild epiphyseal and metaphyseal changes; Brachyolmia type 3	OMIM	lower	
braddock	Braddock		Braddock-Carey syndrome 2; Braddock-Carey syndrome 1	OMIM	cap	
brady	Brady		Ververi-Brady syndrome 1; Ververi-Brady syndrome 2	OMIM	cap	
brain	Brain		Brain malformations with or without urinary tract defects; Brain small vessel disease 4; Brain tumor-polyposis syndrome 2	OMIM	lower	
branched	Branched		Branched-chain keto acid dehydrogenase kinase deficiency	OMIM	lower	
branchial	Branchial		Branchial arch abnormalities, choanal atresia, athelia, h...	OMIM	lower	
branchiooculofacial	Branchiooculofacial		Branchiooculofacial syndrome	OMIM	lower	
branchiootic	Branchiootic		Branchiootic syndrome 2; Branchiootic syndrome 1; Branchiootic syndrome 3	OMIM	lower	
branchiootorenal	Branchiootorenal		Branchiootorenal syndrome 1, with or without cataracts; Branchiootorenal syndrome 2	OMIM	lower	
breast	Breast		Breast cancer, invasive ductal; Breast cancer, protection against; Breast cancer, susceptibility to	OMIM	lower	
breasts	Breasts		Breasts and/or nipples, aplasia or hypoplasia of, 2	OMIM	lower	
brendel	Brendel		Huppke-Brendel syndrome	OMIM	cap	
bresheck	BRESHECK		IFAP syndrome with or without BRESHECK syndrome	OMIM	cap	
brittle	Brittle		Brittle cornea syndrome 2; Brittle cornea syndrome 1	OMIM	lower	
brocks	Brocks		Townes-Brocks syndrome 2; Townes-Brocks syndrome 1; Townes-Brocks branchiootorenal-like syndrome	OMIM	cap	
brody	Brody		Brody myopathy	OMIM	cap	
bronchiectasis	Bronchiectasis		Bronchiectasis with or without elevated sweat chloride 1,...; Bronchiectasis with or without elevated sweat chloride 2; Bronchiectasis with or without elevated sweat chloride 3	OMIM	lower	
brooke	Brooke		Brooke-Spiegler syndrome	OMIM	cap	
brown	Brown		Tatton-Brown-Rahman syndrome; Brown-Vialetto-Van Laere syndrome 2; Brown-Vialetto-Van Laere syndrome 1	OMIM	cap	may need to allow lowercase = common word; not yet aware of any common use
bruck	Bruck		Bruck syndrome 2; Bruck syndrome 1	OMIM	cap	
brugada	Brugada		Brugada syndrome 9; Brugada syndrome 2; Brugada syndrome 1	OMIM	cap	
brunet	Brunet		Brunet-Wagner neurodevelopmental syndrome	OMIM	cap	
brunner	Brunner		Brunner syndrome	OMIM	cap	
bryant	Bryant		Bryant-Li-Bhoj neurodevelopmental syndrome 1; Bryant-Li-Bhoj neurodevelopmental syndrome 2	OMIM	cap	
buchem	Buchem		van Buchem disease	OMIM	cap	
bucklers	Bucklers		Corneal dystrophy, Reis-Bucklers type	OMIM	cap	
budd	Budd		Budd-Chiari syndrome; Budd-Chiari syndrome, somatic	OMIM	cap	
bulimia	Bulimia		Bulimia nervosa, susceptibility to	OMIM	lower	
bupp	Bupp		Bachmann-Bupp syndrome	OMIM	cap	
buratti	Buratti		Buratti-Harel syndrome	OMIM	cap	
burkitt	Burkitt		Burkitt lymphoma, somatic	OMIM	cap	
burn	Burn		Burn-McKeown syndrome	OMIM	lower	
buruli	Buruli		Buruli ulcer, susceptibility to	OMIM	cap	
buschke	Buschke		Buschke-Ollendorff syndrome	OMIM	cap	
butyrylcholinesterase	Butyrylcholinesterase		Butyrylcholinesterase deficiency	OMIM	lower	
cabezas	Cabezas		Intellectual developmental disorder, X-linked syndromic, ...	OMIM	cap	
cacchione	Cacchione		De Sanctis-Cacchione syndrome	OMIM	cap	
caffey	Caffey		Kenny-Caffey syndrome, type 1; Kenny-Caffey syndrome, type 2; Caffey disease	OMIM	cap	
caignec	Caignec		Tolchin-Le Caignec syndrome	OMIM	cap	
cakut	CAKUT		Bladder dysfunction, autonomic, with impaired pupillary r...	OMIM	cap	
calcification	Calcification		Calcification of joints and arteries	OMIM	lower	
calvarial	Calvarial		Calvarial doughnut lesions with bone fragility with or wi...	OMIM	lower	
calve	Calve		Legg-Calve-Perthes disease	OMIM	cap	
campeau	Campeau		Spondyloepimetaphyseal dysplasia, Guo-Campeau type; Li-Campeau syndrome; Snijders Blok-Campeau syndrome	OMIM	cap	
campomelic	Campomelic		Campomelic dysplasia with autosomal sex reversal; Campomelic dysplasia	OMIM	lower	
camptodactyly	Camptodactyly		Camptodactyly-arthropathy-coxa vara-pericarditis syndrome; Camptodactyly 1	OMIM	lower	
camptosynpolydactyly	Camptosynpolydactyly		Camptosynpolydactyly, complex	OMIM	lower	
camurati	Camurati		Camurati-Engelmann disease 2; Camurati-Engelmann disease 1	OMIM	cap	
canavan	Canavan		Canavan disease	OMIM	cap	
cancer	Cancer		Cancer progression/metastasis} (3); Cancer, alopecia, pigment dyscrasia, onychodystrophy, and...	OMIM	lower	
candidiasis	Candidiasis		Candidiasis, familial, 1, autosomal dominant; Candidiasis, familial, 9; Candidiasis, familial, 6, autosomal dominant	OMIM	lower	
cantu	Cantu		Hypertrichotic osteochondrodysplasia (Cantu syndrome)	OMIM	cap	
capillary	Capillary		Capillary malformation-arteriovenous malformation 1; Capillary malformation-arteriovenous malformation 2; Capillary malformations, congenital, 1, somatic, mosaic	OMIM	lower	
carboxypeptidase	Carboxypeptidase		Carboxypeptidase N deficiency	OMIM	lower	
carcinoid	Carcinoid		Carcinoid tumor of lung (3)	OMIM	lower	
cardiac	Cardiac		Cardiac conduction disease with or without dilated cardio...; Cardiac conduction disease with or without cardiomyopathy 2; Cardiac valvular dysplasia 1	OMIM	lower	
cardioacrofacial	Cardioacrofacial		Cardioacrofacial dysplasia 2; Cardioacrofacial dysplasia 1	OMIM	lower	
cardiofaciocutaneous	Cardiofaciocutaneous		Cardiofaciocutaneous syndrome; Cardiofaciocutaneous syndrome 2; Cardiofaciocutaneous syndrome 3	OMIM	lower	
cardiofacioneurodevelopmental	Cardiofacioneurodevelopmental		Cardiofacioneurodevelopmental syndrome	OMIM	lower	
cardiomyopathy	Cardiomyopathy		Cardiomyopathy, dilated, 1LL; Cardiomyopathy, familial hypertrophic, 31; Cardiomyopathy, dilated, 2C	OMIM	lower	
cardiospondylocarpofacial	Cardiospondylocarpofacial		Cardiospondylocarpofacial syndrome	OMIM	lower	
carey	Carey		Braddock-Carey syndrome 2; Carey-Fineman-Ziter syndrome 2; Carey-Fineman-Ziter syndrome	OMIM	cap	
carney	Carney		Carney complex, type II; Carney complex variant; Carney complex, type 1	OMIM	cap	
carnitine	Carnitine		Carnitine-acylcarnitine translocase deficiency; Carnitine deficiency, systemic primary	OMIM	lower	
carnosinemia	Carnosinemia		Carnosinemia	OMIM	lower	
carotid	Carotid		Carotid intimal medial thickness	OMIM	lower	
carpal	Carpal		Carpal tunnel syndrome, familial; Carpal tunnel syndrome 2	OMIM	lower	
carpenter	Carpenter		Cole-Carpenter syndrome 2; Carpenter syndrome 1; Cole-Carpenter syndrome 1	OMIM	cap	
cartilage	Cartilage		Cartilage-hair hypoplasia	OMIM	lower	
casgid	CASGID		CASGID syndrome	OMIM	cap	
caspase	Caspase		Caspase 8 lymphadenopathy syndrome	OMIM	lower	
casq	CASQ		Myopathy, vacuolar, with CASQ1 aggregates	OMIM	cap	
cat	Cat		Cat eye syndrome	OMIM	lower	
cataract	Cataract		Cataract 8, multiple types; Cataract 49; Cataract 6, multiple types	OMIM	lower	
cataracts	Cataracts		Cataracts, growth hormone deficiency, sensory neuropathy,...; Cataracts, spastic paraparesis, and speech delay; Cataracts, hearing impairment, nephrotic syndrome, and en...	OMIM	lower	
catechol	Catechol		Catechol-O-methyltransferase activity, variation in	OMIM	lower	
catel	Catel		Catel-Manzke syndrome	OMIM	cap	
catifa	CATIFA		CATIFA syndrome	OMIM	cap	
caudal	Caudal		Caudal regression syndrome; Caudal duplication anomaly	OMIM	lower	
cavernous	Cavernous		Cavernous malformations of CNS and retina	OMIM	lower	
cavitary	Cavitary		Cavitary optic disc anomalies	OMIM	lower	
cayler	Cayler		Cayler cardiofacial syndrome	OMIM	cap	
cayman	Cayman		Ataxia, cerebellar, Cayman type	OMIM	cap	
cdags	CDAGS		CDAGS syndrome	OMIM	cap	
cebalid	CEBALID		CEBALID syndrome	OMIM	cap	
celiac	Celiac		Celiac disease, susceptibility to, 7; Celiac disease, susceptibility to, 8; Celiac disease, susceptibility to, 3	OMIM	lower	
cenani	Cenani		Cenani-Lenz syndactyly syndrome	OMIM	cap	
central	Central		Central hypoventilation syndrome, congenital, 1, with or ...; Central hypoventilation syndrome, congenital, 3; Central hypoventilation syndrome, congenital, 2, and auto...	OMIM	lower	
centronuclear	Centronuclear		Centronuclear myopathy 2; Centronuclear myopathy 6 with fiber-type disproportion; Centronuclear myopathy 5	OMIM	lower	
cerebellar	Cerebellar		Cerebellar dysfunction with variable cognitive and behavi...; Cerebellar atrophy, visual impairment, and psychomotor re...; Cerebellar atrophy with seizures and variable development...	OMIM	lower	
cerebellofaciodental	Cerebellofaciodental		Cerebellofaciodental syndrome	OMIM	lower	
cerebral	Cerebral		Cerebral cavernous malformations-3; Cerebral cavernous malformations 4, somatic; Cerebral cavernous malformations-2	OMIM	lower	
cerebrocostomandibular	Cerebrocostomandibular		Cerebrocostomandibular syndrome	OMIM	lower	
cerebrooculofacioskeletal	Cerebrooculofacioskeletal		Cerebrooculofacioskeletal syndrome 1; Cerebrooculofacioskeletal syndrome 3; Cerebrooculofacioskeletal syndrome 2	OMIM	lower	
cerebroretinal	Cerebroretinal		Cerebroretinal microangiopathy with calcifications and cy...; Cerebroretinal microangiopathy with calcifications and cy...; Cerebroretinal microangiopathy with calcifications and cysts	OMIM	lower	
cerebrotendinous	Cerebrotendinous		Cerebrotendinous xanthomatosis	OMIM	lower	
ceroid	Ceroid		Ceroid lipofuscinosis, neuronal, 15; Ceroid lipofuscinosis, neuronal, 1; Ceroid lipofuscinosis, neuronal, 7	OMIM	lower	
cervical	Cervical		Cervical cancer, somatic; Cervical carcinoma	OMIM	lower	
ces	CES		Drug metabolism, altered, CES1-related	OMIM	cap	
chahrour	Chahrour		El Hayek-Chahrour neurodevelopmental syndrome	OMIM	cap	
chanarin	Chanarin		Chanarin-Dorfman syndrome	OMIM	cap	
chand	CHAND		CHAND syndrome	OMIM	cap	
chang	Chang		Popov-Chang syndrome	OMIM	cap	
chao	Chao		Paul-Chao neurodevelopmental syndrome	OMIM	cap	
char	Char		Char syndrome	OMIM	cap	
charcot	Charcot		Charcot-Marie-Tooth disease, recessive intermediate C; Charcot-Marie-Tooth disease, type 2A1; Charcot-Marie-Tooth disease, axonal, type 2A2A	OMIM	cap	
charge	CHARGE		CHARGE syndrome	OMIM	cap	
charlevoix	Charlevoix		Spastic ataxia, Charlevoix-Saguenay type	OMIM	cap	
chauveau	Chauveau		Muscular dystrophy, congenital, Davignon-Chauveau type	OMIM	cap	
chediak	Chediak		Chediak-Higashi syndrome	OMIM	cap	
cheney	Cheney		Hajdu-Cheney syndrome	OMIM	cap	
cherubism	Cherubism		Cherubism	OMIM	lower	
chiari	Chiari		Budd-Chiari syndrome; Budd-Chiari syndrome, somatic	OMIM	cap	
chilblain	Chilblain		Chilblain lupus; Chilblain lupus 2	OMIM	cap	
chilton	Chilton		Chilton-Okur-Chung neurodevelopmental syndrome	OMIM	cap	
chioza	Chioza		Muggenthaler-Chowdhury-Chioza syndrome	OMIM	cap	
chitayat	Chitayat		Roifman-Chitayat syndrome, digenic; Chitayat syndrome	OMIM	cap	
chitotriosidase	Chitotriosidase		Chitotriosidase deficiency	OMIM	cap	
choanal	Choanal		Choanal atresia and lymphedema	OMIM	cap	
cholangitis	Cholangitis		Cholangitis, primary sclerosing	OMIM	lower	
cholestasis	Cholestasis		Cholestasis, benign recurrent intrahepatic, 2; Cholestasis, progressive familial intrahepatic 2; Cholestasis, progressive familial intrahepatic, 6	OMIM	lower	
cholesterol	Cholesterol		Cholesterol level QTL 2; Cholesterol level QTL 1	OMIM	lower	
cholesteryl	Cholesteryl		Cholesteryl ester storage disease	OMIM	lower	
chondrocalcinosis	Chondrocalcinosis		Chondrocalcinosis 2; Chondrocalcinosis with early-onset osteoarthritis	OMIM	lower	
chondrodysplasia	Chondrodysplasia		Chondrodysplasia, Blomstrand type; Chondrodysplasia with joint dislocations, GPAPP type; Chondrodysplasia punctata, X-linked recessive	OMIM	lower	
chondrosarcoma	Chondrosarcoma		Chondrosarcoma; Chondrosarcoma, extraskeletal myxoid, somatic	OMIM	lower	
chopra	Chopra		Chopra-Amiel-Gordon syndrome	OMIM	cap	
chops	CHOPS		CHOPS syndrome	OMIM	cap	
chordoma	Chordoma		Chordoma, susceptibility to	OMIM	lower	
chorea	Chorea		Chorea, childhood-onset, with psychomotor retardation; Chorea, hereditary benign	OMIM	lower	
choreoacanthocytosis	Choreoacanthocytosis		Choreoacanthocytosis	OMIM	lower	
choreoathetosis	Choreoathetosis		Choreoathetosis, hypothyroidism, and neonatal respiratory...	OMIM	lower	
chorioretinal	Chorioretinal		Chorioretinal atrophy, progressive bifocal	OMIM	lower	
choroid	Choroid		Choroid plexus papilloma	OMIM	lower	
choroidal	Choroidal		Choroidal dystrophy, central areolar 2; Choroidal dystrophy, central areolar 1	OMIM	lower	
choroideremia	Choroideremia		Choroideremia	OMIM	lower	
chotzen	Chotzen		Saethre-Chotzen syndrome with or without eyelid anomalies; Saethre-Chotzen syndrome	OMIM	cap	
chowdhury	Chowdhury		Muggenthaler-Chowdhury-Chioza syndrome	OMIM	cap	
christian	Christian		Intellectual developmental disorder, X-linked, syndromic,...	OMIM	cap	
christianson	Christianson		Intellectual developmental disorder, X-linked syndromic, ...	OMIM	cap	
christol	Christol		Bazex-Dupre-Christol syndrome	OMIM	cap	
chromosome	Chromosome		Chromosome 1p36.33 duplication syndrome, ATAD3 gene cluster; Chromosome 1p36 deletion syndrome, distal; Chromosome 1p36 deletion syndrome, proximal	OMIM	lower	
chronic	Chronic		Chronic granulomatous disease 2, autosomal recessive; Chronic recurrent multifocal osteomyelitis 3; Chronic recurrent multifocal osteomyelitis 2, with perios...	OMIM	lower	
chudley	Chudley		Chudley-McCullough syndrome; Intellectual developmental disorder, X-linked syndromic, ...	OMIM	cap	
chung	Chung		Pan-Chung-Bellen syndrome; Chung-Jansen syndrome; Chilton-Okur-Chung neurodevelopmental syndrome	OMIM	cap	
chylomicron	Chylomicron		Chylomicron retention disease	OMIM	lower	
ciliary	Ciliary		Ciliary dyskinesia, primary, 49, without situs inversus; Ciliary dyskinesia, primary, 47, and lissencephaly; Ciliary dyskinesia, primary, 21	OMIM	lower	
cimdag	CIMDAG		CIMDAG syndrome	OMIM	cap	
cinca	CINCA		CINCA syndrome	OMIM	cap	
cincinnati	Cincinnati		Acrofacial dysostosis, Cincinnati type	OMIM	cap	
cinnamon	Cinnamon		Cinnamon odor, pleasantness of	OMIM	lower	
cinotti	Cinotti		Warburg-Cinotti syndrome	OMIM	cap	
cirrhosis	Cirrhosis		Cirrhosis, cryptogenic; Cirrhosis, noncryptogenic, susceptibility to	OMIM	lower	
citrullinemia	Citrullinemia		Citrullinemia, type II, neonatal-onset; Citrullinemia, adult-onset type II; Citrullinemia	OMIM	lower	
claes	Claes		Raynaud-Claes syndrome; Intellectual developmental disorder, X-linked syndromic, ...	OMIM	cap	
clausen	Clausen		Dyggve-Melchior-Clausen disease	OMIM	cap	
cleft	Cleft		Cleft palate, psychomotor retardation, and distinctive fa...; Cleft palate, proliferative retinopathy, and developmenta...; Cleft lip/palate-ectodermal dysplasia syndrome	OMIM	lower	
cleidocranial	Cleidocranial		Cleidocranial dysplasia, forme fruste, with brachydactyly; Cleidocranial dysplasia, forme fruste, dental anomalies only; Cleidocranial dysplasia	OMIM	lower	
clouston	Clouston		Ectodermal dysplasia 2, Clouston type	OMIM	cap	
clubfoot	Clubfoot		Clubfoot, congenital, with or without deficiency of long ...	OMIM	lower	
cns	CNS		Cavernous malformations of CNS and retina	OMIM	cap	
coa	CoA		HMG-CoA lyase deficiency; Acyl-CoA dehydrogenase, medium chain, deficiency of; HMG-CoA synthase-2 deficiency	OMIM	cap	
coach	COACH		COACH syndrome 2; COACH syndrome 1; COACH syndrome 3	OMIM	cap	
cockayne	Cockayne		Cockayne syndrome, type A; Cockayne syndrome, type B; Xeroderma pigmentosum, group G/Cockayne syndrome	OMIM	cap	
codas	CODAS		CODAS syndrome	OMIM	cap	
coenzyme	Coenzyme		Coenzyme Q10 deficiency, primary, 4; Coenzyme Q10 deficiency, primary, 1; Coenzyme Q10 deficiency, primary, 3	OMIM	lower	
coffin	Coffin		Coffin-Siris syndrome 2; Coffin-Siris syndrome 1; Coffin-Siris syndrome 7	OMIM	cap	
cognitive	Cognitive		Cognitive impairment with or without cerebellar ataxia	OMIM	lower	
cohen	Cohen		Cohen syndrome; Cohen-Gibson syndrome	OMIM	cap	
colchicine	Colchicine		Colchicine resistance	OMIM	lower	
cold	Cold		Cold-induced sweating syndrome 2; Cold-induced sweating syndrome 1	OMIM	lower	
cole	Cole		Cole-Carpenter syndrome 2; Cole disease; Cole-Carpenter syndrome 1	OMIM	cap	
collins	Collins		Treacher-Collins syndrome 4; Treacher Collins syndrome 1; Treacher Collins syndrome 3	OMIM	cap	
coloboma	Coloboma		Coloboma of optic nerve; Coloboma, ocular, with or without hearing impairment, cle...; Coloboma, ocular, autosomal recessive	OMIM	lower	
colon	Colon		Colon cancer, somatic; Colon cancer, advanced, somatic; Colon cancer, susceptibility to	OMIM	lower	
colorblindness	Colorblindness		Colorblindness, tritan; Colorblindness, protan; Colorblindness, deutan	OMIM	lower	
colorectal	Colorectal		?Colorectal cancer, susceptibility to; Colorectal cancer, somatic; Colorectal cancer with chromosomal instability, somatic	OMIM	lower	
colton	Colton		Blood group, Colton	OMIM	cap	
combined	Combined		Combined oxidative phosphorylation deficiency 35; Combined oxidative phosphorylation deficiency 21; Combined oxidative phosphorylation deficiency 38	OMIM	lower	
complement	Complement		Complement factor H deficiency; Complement hyperactivation, angiopathic thrombosis, and p...; Complement factor I deficiency	OMIM	lower	
cone	Cone		Cone-rod dystrophy 3; Cone-rod dystrophy 21; Cone-rod dystrophy 8	OMIM	lower	
congenital	Congenital		Congenital myopathy 19; Congenital disorder of glycosylation, type Ir; Congenital myopathy 3 with rigid spine	OMIM	lower	
conlin	Conlin		Mulchandani-Bhoj-Conlin syndrome	OMIM	cap	
conotruncal	Conotruncal		Conotruncal heart malformations, variable; Conotruncal heart malformations; Conotruncal anomaly face syndrome	OMIM	lower	
conradi	Conradi		Bowen-Conradi syndrome	OMIM	cap	
contractural	Contractural		Contractural arachnodactyly, congenital	OMIM	lower	
contractures	Contractures		Contractures, pterygia, and spondylocarpostarsal fusion s...; Contractures, pterygia, and spondylocarpotarsal fusion sy...	OMIM	lower	
convulsions	Convulsions		Convulsions, familial infantile, with paroxysmal choreoat...	OMIM	lower	
cooper	Cooper		Hiatt-Neu-Cooper neurodevelopmental syndrome	OMIM	cap	
coproporphyria	Coproporphyria		Coproporphyria	OMIM	lower	
cormier	Cormier		Spondyloepimetaphyseal dysplasia, Borochowitz-Cormier-Dai...	OMIM	cap	
cornea	Cornea		Cornea plana 1, autosomal dominant; Cornea plana 2, autosomal recessive	OMIM	lower	
corneal	Corneal		Corneal dystrophy, Schnyder type; Corneal dystrophy, posterior polymorphous 2; Corneal dystrophy, Fuchs endothelial, 1	OMIM	lower	
cornelia	Cornelia		Cornelia de Lange syndrome 1; Cornelia de Lange syndrome 4; Cornelia de Lange syndrome 3	OMIM	cap	
coronary	Coronary		Coronary heart disease, susceptibility to, 2; Coronary artery disease, resistance to; Coronary heart disease, susceptibility to, 5	OMIM	lower	
corpus	Corpus		Corpus callosum, agenesis of, with facial anomalies and c...; Corpus callosum, agenesis of, with impaired intellectual ...; Corpus callosum, partial agenesis of	OMIM	lower	
cortical	Cortical		Cortical dysplasia, complex, with other brain malformatio...; Cortical dysplasia, complex, with other brain malformatio...; Cortical dysplasia, complex, with other brain malformatio...	OMIM	lower	
corticosteroid	Corticosteroid		Corticosteroid-binding globulin deficiency	OMIM	lower	
cortisone	Cortisone		Cortisone reductase deficiency 1; Cortisone reductase deficiency 2	OMIM	lower	
costello	Costello		Costello syndrome	OMIM	cap	
coumarin	Coumarin		Coumarin resistance	OMIM	lower	
cousin	Cousin		Cousin syndrome	OMIM	lower	common word, handle deviations with pattern
covid	COVID		Immunodeficiency 74, COVID19-related, X-linked	OMIM	cap	
cowden	Cowden		Cowden syndrome 5; Cowden syndrome 4; Cowden syndrome 1	OMIM	cap	
cox	Cox		Sweeney-Cox syndrome	OMIM	cap	
cranial	Cranial		Cranial dysinnervation disorder, congenital, with absent ...	OMIM	lower	
craniodiaphyseal	Craniodiaphyseal		Craniodiaphyseal dysplasia, autosomal dominant	OMIM	lower	
cranioectodermal	Cranioectodermal		Cranioectodermal dysplasia 2; Cranioectodermal dysplasia 1; Cranioectodermal dysplasia 4	OMIM	lower	
craniofacial	Craniofacial		Craniofacial dysmorphism, skeletal anomalies, and impaire...; Craniofacial microsomia 2; Craniofacial-deafness-hand syndrome	OMIM	lower	
craniofaciocardiohepatic	Craniofaciocardiohepatic		Craniofaciocardiohepatic syndrome	OMIM	lower	
craniofacioskeletal	Craniofacioskeletal		Craniofacioskeletal syndrome	OMIM	lower	
craniofrontonasal	Craniofrontonasal		Craniofrontonasal dysplasia	OMIM	lower	
craniolenticulosutural	Craniolenticulosutural		Craniolenticulosutural dysplasia	OMIM	lower	
craniometadiaphyseal	Craniometadiaphyseal		Craniometadiaphyseal osteosclerosis with hip dysplasia	OMIM	lower	
craniometaphyseal	Craniometaphyseal		Craniometaphyseal dysplasia; Craniometaphyseal dysplasia, autosomal recessive	OMIM	lower	
craniosynostosis	Craniosynostosis		Craniosynostosis-scoliosis syndrome; Craniosynostosis with radiohumeral fusions and other skel...; Craniosynostosis, Philadelphia type, with syndactyly	OMIM	lower	
craniotubular	Craniotubular		Craniotubular dysplasia, Ikegawa type	OMIM	lower	
creatine	Creatine		Creatine phosphokinase, elevated serum; Creatine kinase, brain type, ectopic expression of	OMIM	lower	
creatinine	Creatinine		Creatinine clearance QTL	OMIM	lower	
creutzfeldt	Creutzfeldt		Creutzfeldt-Jakob disease, variant, resistance to; Creutzfeldt-Jakob disease	OMIM	cap	
creveld	Creveld		Ellis-van Creveld syndrome	OMIM	cap	
crigler	Crigler		Crigler-Najjar syndrome, type I; Crigler-Najjar syndrome, type II	OMIM	cap	
crohn	Crohn		Inflammatory bowel disease (Crohn disease) 10; Inflammatory bowel disease (Crohn disease) 19; Crohn disease-associated growth failure	OMIM	cap	
cromer	Cromer		Blood group Cromer	OMIM	cap	
crouzon	Crouzon		Crouzon syndrome with acanthosis nigricans; Crouzon syndrome	OMIM	cap	
cryohydrocytosis	Cryohydrocytosis		Cryohydrocytosis	OMIM	lower	
cryptophthalmos	Cryptophthalmos		Cryptophthalmos, unilateral or bilateral, isolated	OMIM	lower	
cryptorchidism	Cryptorchidism		Cryptorchidism	OMIM	lower	
cubitus	Cubitus		Cubitus valgus with impaired intellectual development and...	OMIM	lower	
culler	Culler		Culler-Jones syndrome	OMIM	cap	
currarino	Currarino		Currarino syndrome	OMIM	cap	
curry	Curry		Curry-Jones syndrome, somatic mosaic	OMIM	cap	
curth	Curth		Ichthyosis histrix, Curth-Macklin type	OMIM	cap	
cutaneous	Cutaneous		Cutaneous telangiectasia and cancer syndrome, familial	OMIM	lower	
cutis	Cutis		Cutis laxa, autosomal recessive, type IIE; Cutis laxa, autosomal recessive, type ID; Cutis laxa, autosomal recessive, type IID	OMIM	lower	
cyanosis	Cyanosis		Cyanosis, transient neonatal	OMIM	lower	
cylindromatosis	Cylindromatosis		Cylindromatosis, familial	OMIM	lower	
cyp	CYP		Drug metabolism, altered, CYP2C8-related	OMIM	cap	
cystathioninuria	Cystathioninuria		Cystathioninuria	OMIM	lower	
cystic	Cystic		Cystic fibrosis; Cystic fibrosis lung disease, modifier of	OMIM	lower	
cystinosis	Cystinosis		Cystinosis, nephropathic; Cystinosis, ocular nonnephropathic; Cystinosis, late-onset juvenile or adolescent nephropathic	OMIM	lower	
cystinuria	Cystinuria		Cystinuria	OMIM	lower	
czech	Czech		Czech dysplasia	OMIM	cap	
dagher	Dagher		Spondylometaphyseal dysplasia, Megarbane-Dagher-Melike type	OMIM	cap	
daire	Daire		Spondyloepimetaphyseal dysplasia, Borochowitz-Cormier-Dai...	OMIM	cap	
dandy	Dandy		Dandy-Walker syndrome	OMIM	cap	
danlos	Danlos		Ehlers-Danlos syndrome, spondylodysplastic type, 2; Ehlers-Danlos syndrome, kyphoscoliotic type, 1; Ehlers-Danlos syndrome, vascular type	OMIM	cap	
danon	Danon		Danon disease	OMIM	cap	
darier	Darier		Darier disease	OMIM	cap	
dattani	Dattani		Webb-Dattani syndrome	OMIM	cap	
dauber	Dauber		Short stature, Dauber-Argente type	OMIM	cap	
davignon	Davignon		Muscular dystrophy, congenital, Davignon-Chauveau type	OMIM	cap	
dbh	DBH		Orthostatic hypotension 1, due to DBH deficiency	OMIM	cap	
ddb	DDB		Xeroderma pigmentosum, group E, DDB-negative subtype	OMIM	cap	
deafness	Deafness		Deafness, autosomal recessive 96; Deafness, neurosensory, without vestibular involvement, a...; Deafness, autosomal recessive 36	OMIM	lower	
deardorff	Deardorff		Skraban-Deardorff syndrome	OMIM	cap	
deeah	DEEAH		DEEAH syndrome	OMIM	cap	
deep	Deep		Deep venous thrombosis, protection against	OMIM	lower	
degcags	DEGCAGS		DEGCAGS syndrome	OMIM	cap	
degos	Degos		Dowling-Degos disease 4; Dowling-Degos disease 1; Dowling-Degos disease 3	OMIM	cap	
dehydrated	Dehydrated		Dehydrated hereditary stomatocytosis with or without pseu...; Dehydrated hereditary stomatocytosis 2	OMIM	lower	
dejerine	Dejerine		Dejerine-Sottas disease	OMIM	cap	
delayed	Delayed		Delayed puberty, self-limited; Delayed sleep phase disorder, susceptibility to	OMIM	lower	
delpire	Delpire		Delpire-McNeill syndrome	OMIM	cap	
delta	Delta		Delta-beta thalassemia	OMIM	lower	
dementia	Dementia		Dementia, Lewy body; Dementia, vascular, susceptibility to} (3); Dementia, familial British	OMIM	lower	
denborough	Denborough		King-Denborough syndrome	OMIM	cap	
dengue	Dengue		Dengue fever, protection against	OMIM	lower	
dent	Dent		Dent disease 1; Dent disease 2	OMIM	lower	common word, handle deviations with pattern
dental	Dental		Dental anomalies and short stature; Dental radicular dysplasia	OMIM	lower	
dentatorubral	Dentatorubral		Dentatorubral-pallidoluysian atrophy	OMIM	cap	
dentici	Dentici		Dentici-Novelli neurodevelopmental syndrome	OMIM	cap	
dentin	Dentin		Dentin dysplasia, type II; Dentin dysplasia, type IA; Dentin dysplasia, type IB	OMIM	lower	
dentinogenesis	Dentinogenesis		Dentinogenesis imperfecta, Shields type III; Dentinogenesis imperfecta, Shields type II	OMIM	lower	
denys	Denys		Denys-Drash syndrome	OMIM	cap	
dermatitis	Dermatitis		Dermatitis, atopic, susceptibility to, 2; Dermatitis, atopic, susceptibility to, 9; Dermatitis, atopic, susceptibility to, 1	OMIM	lower	
dermatofibrosarcoma	Dermatofibrosarcoma		Dermatofibrosarcoma protuberans	OMIM	lower	
dermatopathia	Dermatopathia		Dermatopathia pigmentosa reticularis	OMIM	lower	
dermoids	Dermoids		Dermoids of cornea	OMIM	lower	
desanto	Desanto		Desanto-Shinawi syndrome	OMIM	lower	
desbuquois	Desbuquois		Desbuquois dysplasia 2; Desbuquois dysplasia 1	OMIM	cap	
descemet	Descemet		Corneal dystrophy, punctiform and polychromatic pre-Descemet	OMIM	cap	
deshwar	Deshwar		Nil-Deshwar neurodevelopmental syndrome	OMIM	cap	
desmoid	Desmoid		Desmoid disease, hereditary	OMIM	lower	
desmosterolosis	Desmosterolosis		Desmosterolosis	OMIM	lower	
developmental	Developmental		Developmental delay and seizures with or without movement...; Developmental and epileptic encephalopathy 18; Developmental and epileptic encephalopathy 15	OMIM	lower	
diabetes	Diabetes		Diabetes mellitus, insulin-dependent, 19; Diabetes mellitus, insulin-dependent, 7; Diabetes mellitus, insulin-dependent, 13	OMIM	lower	
diamond	Diamond		Diamond-Blackfan anemia 7; Diamond-Blackfan anemia 6; Diamond-Blackfan anemia 17	OMIM	lower	
diaphanospondylodysostosis	Diaphanospondylodysostosis		Diaphanospondylodysostosis	OMIM	lower	
diaphragmatic	Diaphragmatic		Diaphragmatic hernia 2; Diaphragmatic hernia 3; Diaphragmatic hernia 4, with cardiovascular defects	OMIM	lower	
diaphyseal	Diaphyseal		Diaphyseal medullary stenosis with malignant fibrous hist...	OMIM	lower	
diarrhea	Diarrhea		Diarrhea 9; Diarrhea 5, with tufting enteropathy, congenital; Diarrhea 8, secretory sodium, congenital	OMIM	lower	
diastrophic	Diastrophic		Diastrophic dysplasia; Diastrophic dysplasia, broad bone-platyspondylic variant	OMIM	lower	
dicarboxylic	Dicarboxylic		Dicarboxylic aminoaciduria	OMIM	lower	
diego	Diego		Blood group, Diego	OMIM	cap	
dieker	Dieker		Miller-Dieker lissencephaly syndrome	OMIM	cap	
diencephalic	Diencephalic		Diencephalic-mesencephalic junction dysplasia syndrome 2; Diencephalic-mesencephalic junction dysplasia syndrome 1	OMIM	lower	
diets	Diets		Diets-Jongmans syndrome	OMIM	cap	
dietz	Dietz		Loeys-Dietz syndrome 4; Loeys-Dietz syndrome 2; Loeys-Dietz syndrome 1	OMIM	cap	
diffuse	Diffuse		Diffuse gastric and lobular breast cancer syndrome with o...	OMIM	lower	
digeorge	DiGeorge		DiGeorge syndrome/velocardiofacial syndrome complex-2; DiGeorge syndrome	OMIM	cap	
digital	Digital		Digital clubbing, isolated congenital; Digital arthropathy-brachydactyly, familial	OMIM	lower	
dihydrolipoamide	Dihydrolipoamide		Dihydrolipoamide dehydrogenase deficiency	OMIM	lower	
dihydropyrimidine	Dihydropyrimidine		Dihydropyrimidine dehydrogenase deficiency	OMIM	lower	
dilated	Dilated		Dilated cardiomyopathy with woolly hair, keratoderma, and...	OMIM	lower	
dimethylglycine	Dimethylglycine		Dimethylglycine dehydrogenase deficiency	OMIM	lower	
disabling	Disabling		Disabling pansclerotic morphea of childhood	OMIM	lower	
disordered	Disordered		Disordered steroidogenesis due to cytochrome P450 oxidore...	OMIM	lower	
distal	Distal		Distal renal tubular acidosis 2 with progressive sensorin...; Distal renal tubular acidosis 3, with or without sensorin...; Distal renal tubular acidosis 1	OMIM	lower	
distelmaier	Distelmaier		Long-Olsen-Distelmaier syndrome	OMIM	cap	
dna	DNA		Mitochondrial DNA depletion syndrome 21; Progressive external ophthalmoplegia with mitochondrial D...; Mitochondrial DNA depletion syndrome 6 (hepatocerebral type)	OMIM	cap	
dombrock	Dombrock		Blood group, Dombrock	OMIM	cap	
donato	Donato		Intellectual developmental disorder, X-linked syndromic, ...	OMIM	cap	
donnai	Donnai		Donnai-Barrow syndrome	OMIM	cap	
donnell	Donnell		O'Donnell-Luria-Rodan syndrome	OMIM	cap	
donohue	Donohue		Donohue syndrome	OMIM	cap	
dopa	DOPA		Intellectual developmental disorder with language impairm...; Dystonia, DOPA-responsive	OMIM	cap	
dorfman	Dorfman		Chanarin-Dorfman syndrome	OMIM	cap	
dowling	Dowling		Dowling-Degos disease 4; Dowling-Degos disease 1; Dowling-Degos disease 3	OMIM	cap	
down	Down		Leukemia, transient, of Down syndrome; Down syndrome; Leukemia, megakaryoblastic, with or without Down syndrome...	OMIM	cap	
doyne	Doyne		Doyne honeycomb degeneration of retina	OMIM	cap	
drash	Drash		Denys-Drash syndrome	OMIM	cap	
dravet	Dravet		Developmental and epileptic encephalopathy 6B, non-Dravet; Dravet syndrome	OMIM	cap	
dreifuss	Dreifuss		Emery-Dreifuss muscular dystrophy 3, autosomal recessive; Emery-Dreifuss muscular dystrophy 2, autosomal dominant; Emery-Dreifuss muscular dystrophy 7, AD	OMIM	cap	
driscoll	Driscoll		Van Esch-O'Driscoll syndrome	OMIM	cap	
drug	Drug		Drug addiction, susceptibility to; Drug metabolism, altered, CYP2C8-related; Drug metabolism, altered, CES1-related	OMIM	lower	
duane	Duane		Duane retraction syndrome 2; Bor-Duane hydrocephalus contiguous gene syndrome; Duane retraction syndrome 1	OMIM	cap	
dube	Dube		Birt-Hogg-Dube syndrome 2; Birt-Hogg-Dube syndrome	OMIM	cap	
dubin	Dubin		Dubin-Johnson syndrome	OMIM	cap	
duchenne	Duchenne		Duchenne muscular dystrophy	OMIM	cap	
dudley	Dudley		Allan-Herndon-Dudley syndrome	OMIM	cap	
duffy	Duffy		Blood group, Duffy system	OMIM	cap	
dupre	Dupre		Bazex-Dupre-Christol syndrome	OMIM	cap	
dupuytren	Dupuytren		Dupuytren contracture 1	OMIM	cap	
dursun	Dursun		Dursun-Ozgul neurodevelopmental syndrome; Dursun syndrome	OMIM	cap	
dworschak	Dworschak		Dworschak-Punetha neurodevelopmental syndrome	OMIM	cap	
dyggve	Dyggve		Dyggve-Melchior-Clausen disease	OMIM	cap	
dysalbuminemic	Dysalbuminemic		[Dysalbuminemic hypertriiodothyroninemia; Dysalbuminemic hyperthyroxinemia	OMIM	lower	
dysautonomia	Dysautonomia		Dysautonomia, familial	OMIM	lower	
dyschromatosis	Dyschromatosis		Dyschromatosis symmetrica hereditaria; Dyschromatosis universalis hereditaria 3; Dyschromatosis universalis hereditaria 1	OMIM	lower	
dyserythropoietic	Dyserythropoietic		Dyserythropoietic anemia, congenital, type Ib; Dyserythropoietic anemia, congenital, type Ia; Dyserythropoietic anemia, congenital, type II	OMIM	lower	
dysfibrinogenemia	Dysfibrinogenemia		Dysfibrinogenemia, congenital	OMIM	lower	
dyskeratosis	Dyskeratosis		Dyskeratosis congenita, autosomal recessive 8; Dyskeratosis congenita, autosomal dominant 1; Dyskeratosis, hereditary benign intraepithelial	OMIM	lower	
dyskinesia	Dyskinesia		Dyskinesia with orofacial involvement, autosomal dominant; Dyskinesia with orofacial involvement, autosomal recessive; Dyskinesia, limb and orofacial, infantile-onset	OMIM	lower	
dyslexia	Dyslexia		Dyslexia, susceptibility to, 8; Dyslexia, susceptibility to, 3; Dyslexia, susceptibility to, 5	OMIM	lower	
dysostosis	Dysostosis		Dysostosis multiplex, Ain-Naz type	OMIM	lower	
dyssegmental	Dyssegmental		Dyssegmental dysplasia, Silverman-Handmaker type	OMIM	lower	
dystonia	Dystonia		Dystonia 13, torsion; Dystonia, childhood-onset, with optic atrophy and basal g...; Dystonia 2, torsion, autosomal recessive	OMIM	lower	
dystransthyretinemic	Dystransthyretinemic		Dystransthyretinemic hyperthyroxinemia	OMIM	lower	
ectodermal	Ectodermal		Ectodermal dysplasia 12, hypohidrotic/hair/tooth/nail type; Ectodermal dysplasia-syndactyly syndrome 1; Ectodermal dysplasia/skin fragility syndrome	OMIM	lower	
ectopia	Ectopia		Ectopia lentis et pupillae; Ectopia lentis, isolated, autosomal recessive; Ectopia lentis, familial	OMIM	lower	
ectrodactyly	Ectrodactyly		Ectrodactyly, ectodermal dysplasia, and cleft lip/palate ...	OMIM	lower	
eculizumab	Eculizumab		Eculizumab, poor response to	OMIM	lower	
edict	EDICT		EDICT syndrome	OMIM	cap	
efavirenz	Efavirenz		Efavirenz central nervous system toxicity, susceptibility to; Efavirenz, poor metabolism of	OMIM	cap	
ehlers	Ehlers		Ehlers-Danlos syndrome, spondylodysplastic type, 2; Ehlers-Danlos syndrome, kyphoscoliotic type, 1; Ehlers-Danlos syndrome, vascular type	OMIM	cap	
eiken	Eiken		Eiken syndrome	OMIM	cap	
elahi	Elahi		Jaberi-Elahi syndrome	OMIM	cap	
electroencephalographic	Electroencephalographic		Electroencephalographic variant pattern 1	OMIM	lower	
elliott	Elliott		Ramond-Elliott neurodevelopmental syndrome	OMIM	cap	
elliptocytosis	Elliptocytosis		Elliptocytosis-1; Elliptocytosis-2; Elliptocytosis-3	OMIM	lower	
ellis	Ellis		Ellis-van Creveld syndrome	OMIM	cap	
elsahy	Elsahy		Elsahy-Waters syndrome	OMIM	cap	
emanuel	Emanuel		Emanuel syndrome	OMIM	cap	
emery	Emery		Emery-Dreifuss muscular dystrophy 3, autosomal recessive; Emery-Dreifuss muscular dystrophy 2, autosomal dominant; Emery-Dreifuss muscular dystrophy 7, AD	OMIM	cap	
emm	EMM		Blood group, EMM system	OMIM	cap	
emphysema	Emphysema		Emphysema due to AAT deficiency; Emphysema-cirrhosis, due to AAT deficiency	OMIM	lower	
encephalitis	Encephalitis		Encephalitis, acute, infection (viral)-induced, susceptib...; Encephalitis/encephalopathy, mild, with reversible myelin...	OMIM	lower	
encephalocraniocutaneous	Encephalocraniocutaneous		Encephalocraniocutaneous lipomatosis, somatic mosaic	OMIM	lower	
encephalopathy	Encephalopathy		Encephalopathy, acute, infection-induced, 4, susceptibili...; Encephalopathy, progressive, early-onset, with brain edem...; Encephalopathy, progressive, with amyotrophy and optic at...	OMIM	lower	
ende	Ende		Van den Ende-Gupta syndrome	OMIM	cap	
endocrine	Endocrine		Endocrine-cerebroosteodysplasia	OMIM	lower	
endocrinopathy	Endocrinopathy		Endocrinopathy due to proprotein convertase 1/3 deficiency	OMIM	lower	
endometrial	Endometrial		Endometrial cancer, familial; Endometrial carcinoma, somatic; Endometrial cancer, susceptibility to	OMIM	lower	
endometriosis	Endometriosis		Endometriosis, susceptibility to, 1	OMIM	lower	
endosteal	Endosteal		Endosteal hyperostosis	OMIM	lower	
endove	ENDOVE		ENDOVE syndrome, limb-only type; ENDOVE syndrome, limb-brain type	OMIM	cap	
engelmann	Engelmann		Camurati-Engelmann disease 2; Camurati-Engelmann disease 1	OMIM	cap	
enhanced	Enhanced		Enhanced S-cone syndrome 2; Enhanced S-cone syndrome 1	OMIM	lower	
enlarged	Enlarged		Enlarged vestibular aqueduct, digenic; Enlarged vestibular aqueduct	OMIM	lower	
enterokinase	Enterokinase		Enterokinase deficiency	OMIM	lower	
enuresis	Enuresis		Enuresis, nocturnal, 2; Enuresis, nocturnal, 1	OMIM	lower	
eosinophil	Eosinophil		Eosinophil peroxidase deficiency	OMIM	lower	
eosinophilia	Eosinophilia		Eosinophilia, familial	OMIM	lower	
epidermal	Epidermal		Epidermal nevus, somatic	OMIM	lower	
epidermodysplasia	Epidermodysplasia		Epidermodysplasia verruciformis, susceptibility to, 3; Epidermodysplasia verruciformis, susceptibility to, 1; Epidermodysplasia verruciformis, susceptibility to, 2	OMIM	lower	
epidermolysis	Epidermolysis		Epidermolysis bullosa, junctional 3B, severe; Epidermolysis bullosa, junctional 3A, intermediate; Epidermolysis bullosa, junctional 1B, severe	OMIM	lower	
epidermolytic	Epidermolytic		Epidermolytic hyperkeratosis 1; Epidermolytic hyperkeratosis 2B, autosomal recessive; Epidermolytic hyperkeratosis 2A, autosomal dominant	OMIM	lower	
epilepsy	Epilepsy		Epilepsy, idiopathic generalized, susceptibility to, 12; Epilepsy, nocturnal frontal lobe, 3; Epilepsy, early-onset, 5, with or without developmental d...	OMIM	lower	
epiphyseal	Epiphyseal		Epiphyseal dysplasia, multiple, 2; Epiphyseal dysplasia, multiple, 5; Epiphyseal dysplasia, multiple, 4	OMIM	lower	
episodic	Episodic		Episodic ataxia, type 8; Episodic ataxia, type 3; Episodic ataxia, type 5	OMIM	lower	
epithelial	Epithelial		Epithelial recurrent erosion dystrophy	OMIM	lower	
epstein	Epstein		Immunodeficiency 134 (Epstein-Barr virus-specific); Immunodeficiency, X-linked, with magnesium defect, Epstei...	OMIM	cap	
erickson	Erickson		Abruzzo-Erickson syndrome	OMIM	cap	
erythermalgia	Erythermalgia		Erythermalgia, primary	OMIM	lower	
erythrocyte	Erythrocyte		Erythrocyte lactate transporter defect	OMIM	lower	
erythrocytosis	Erythrocytosis		Erythrocytosis, familial, 3; Erythrocytosis, familial, 4; Erythrocytosis, familial, 2	OMIM	lower	
erythroderma	Erythroderma		Erythroderma, congenital, with palmoplantar keratoderma, ...	OMIM	lower	
erythrokeratodermia	Erythrokeratodermia		Erythrokeratodermia variabilis et progressiva 2; Erythrokeratodermia variabilis et progressiva 1; Erythrokeratodermia variabilis et progressiva 3	OMIM	lower	
erythroleukemia	Erythroleukemia		?Erythroleukemia, familial, susceptibility to	OMIM	lower	
esch	Esch		Van Esch-O'Driscoll syndrome	OMIM	cap	
escobar	Escobar		Escobar syndrome	OMIM	cap	
esophageal	Esophageal		Esophageal cancer, somatic; Esophageal squamous cell carcinoma, somatic; Esophageal carcinoma, somatic	OMIM	lower	
esophagitis	Esophagitis		Esophagitis, eosinophilic, 2; Esophagitis, eosinophilic, 1	OMIM	lower	
essential	Essential		Essential tremor, hereditary, 2; Essential tremor, hereditary, 1; Essential tremor, hereditary, 3	OMIM	lower	
estrogen	Estrogen		Estrogen resistance	OMIM	lower	
ethylmalonic	Ethylmalonic		Ethylmalonic encephalopathy	OMIM	lower	
even	Even		Even-plus syndrome	OMIM	lower	common word, handle deviations with pattern
ewing	Ewing		Ewing sarcoma	OMIM	cap	
exercise	Exercise		Exercise intolerance, riboflavin-responsive	OMIM	lower	
exfoliation	Exfoliation		Exfoliation syndrome, susceptibility to	OMIM	lower	
exocrine	Exocrine		Exocrine pancreatic insufficiency, dyserythropoietic anem...	OMIM	lower	
exostoses	Exostoses		Exostoses, multiple, type 1; Exostoses, multiple, type 2; Exostoses, multiple, type 3	OMIM	lower	
extraoral	Extraoral		Extraoral halitosis due to MTO deficiency	OMIM	lower	
exudative	Exudative		Exudative vitreoretinopathy 7; Exudative vitreoretinopathy 5; Exudative vitreoretinopathy 3	OMIM	lower	
fabry	Fabry		Fabry disease, cardiac variant; Fabry disease	OMIM	cap	
facial	Facial		Facial paresis, hereditary congenital, 1; Facial paresis, hereditary congenital, 2; Facial dysmorphism, hypertrichosis, epilepsy, intellectua...	OMIM	lower	
facioscapulohumeral	Facioscapulohumeral		Facioscapulohumeral muscular dystrophy 3, digenic; Facioscapulohumeral muscular dystrophy 1; Facioscapulohumeral muscular dystrophy 2, digenic	OMIM	lower	
factor	Factor		Factor V deficiency; Factor XIIIB deficiency; Factor V and factor VIII, combined deficiency of	OMIM	lower	
faden	Faden		Spondyloepimetaphyseal dysplasia, Faden-Alkuraya type	OMIM	cap	
fahrner	Fahrner		Beck-Fahrner syndrome	OMIM	cap	
failure	Failure		Failure of tooth eruption, primary	OMIM	lower	
faivre	Faivre		Thauvin-Robinet-Faivre syndrome	OMIM	cap	
fallot	Fallot		Tetralogy of Fallot	OMIM	cap	
familial	Familial		Familial cold inflammatory syndrome 1; Familial cold autoinflammatory syndrome 4; Familial adenomatous polyposis 4	OMIM	lower	
fanconi	Fanconi		Fanconi anemia, complementation group V; Fanconi anemia, complementation group T; Fanconi anemia, complementation group L	OMIM	cap	
farazi	Farazi		Valence-Farazi cerebellar ataxia syndrome	OMIM	cap	
farber	Farber		Farber lipogranulomatosis	OMIM	cap	
fasting	Fasting		Fasting plasma glucose level QTL 5; Fasting plasma glucose level QTL 1; Fasting plasma glucose level QTL 6	OMIM	lower	
fatty	Fatty		Fatty liver, acute, of pregnancy; Fatty liver disease, protection from; Fatty liver disease, susceptibility to, 2	OMIM	lower	
faundes	Faundes		Faundes-Banka syndrome	OMIM	cap	
fazio	Fazio		Fazio-Londe disease	OMIM	cap	
febrile	Febrile		Febrile seizures, familial, 3A; Febrile seizures, familial, 9; Febrile seizures, familial, 10	OMIM	lower	
feil	Feil		Klippel-Feil syndrome 1, autosomal dominant; Klippel-Feil syndrome 3, autosomal dominant; Klippel-Feil syndrome 2	OMIM	cap	
feingold	Feingold		Feingold syndrome 1; Feingold syndrome 2	OMIM	cap	
ferguson	Ferguson		Ferguson-Bonni neurodevelopmental syndrome	OMIM	cap	
fetal	Fetal		Fetal akinesia, respiratory insufficiency, microcephaly, ...; Fetal hemoglobin QTL5; Fetal akinesia deformation sequence 3	OMIM	lower	
fetomaternal	Fetomaternal		Fetomaternal alloimmune thrombocytopenia 3; Fetomaternal alloimmune thrombocytopenia 2; Fetomaternal alloimmune thrombocytopenia 1	OMIM	lower	
feuerstein	Feuerstein		Schimmelpenning-Feuerstein-Mims syndrome, somatic mosaic	OMIM	cap	
fibrochondrogenesis	Fibrochondrogenesis		Fibrochondrogenesis 1; Fibrochondrogenesis 2	OMIM	lower	
fibrodysplasia	Fibrodysplasia		Fibrodysplasia ossificans progressiva	OMIM	lower	
fibromatosis	Fibromatosis		Fibromatosis, gingival, 3; Fibromatosis, gingival, 1; Fibromatosis, gingival, 5	OMIM	lower	
fibromuscular	Fibromuscular		Fibromuscular dysplasia, multifocal	OMIM	lower	
fibrosis	Fibrosis		Fibrosis of extraocular muscles, congenital, 5; Fibrosis of extraocular muscles, congenital, 2; Fibrosis of extraocular muscles, congenital, 3B	OMIM	lower	
ficus	FICUS		FICUS syndrome	OMIM	cap	
filippi	Filippi		Filippi syndrome	OMIM	cap	
fineman	Fineman		Carey-Fineman-Ziter syndrome 2; Carey-Fineman-Ziter syndrome	OMIM	cap	
finkel	Finkel		Spinal muscular atrophy, late-onset, Finkel type	OMIM	cap	
finnish	Finnish		Amyloidosis, Finnish type	OMIM	cap	
fischer	Fischer		Fischer-Zirnsak progeroid syndrome	OMIM	cap	
fish	Fish		Fish-eye disease	OMIM	lower	
fisher	Fisher		Snijders Blok-Fisher syndrome	OMIM	cap	
fleck	Fleck		Fleck retina, familial benign	OMIM	cap	
fliedner	Fliedner		Fliedner-Zweier syndrome	OMIM	cap	
floating	Floating		Floating-Harbor syndrome	OMIM	cap	
fmn	FMN		Triokinase and FMN cyclase deficiency syndrome	OMIM	cap	
focal	Focal		Focal cortical dysplasia, type II, somatic; Focal facial dermal dysplasia 3, Setleis type; Focal segmental glomerulosclerosis 8	OMIM	lower	
folate	Folate		Folate malabsorption, hereditary	OMIM	lower	
follicular	Follicular		Follicular lymphoma, susceptibility to, 1; Follicular lymphoma, susceptibility to, 2	OMIM	lower	
fong	Fong		You-Hoover-Fong syndrome	OMIM	cap	
fontaine	Fontaine		Fontaine progeroid syndrome	OMIM	cap	
forssman	Forssman		Borjeson-Forssman-Lehmann syndrome	OMIM	cap	
forsythe	Forsythe		Forsythe-Wakeling syndrome	OMIM	cap	
fountain	Fountain		Hao-Fountain syndrome	OMIM	cap	
foveal	Foveal		Foveal hypoplasia 3; Foveal hypoplasia 1; Foveal hypoplasia 2, with or without optic nerve misrouti...	OMIM	lower	
fra	FRA		Intellectual developmental disorder, autosomal dominant, ...	OMIM	cap	
fragile	Fragile		Fragile X tremor/ataxia syndrome; Fragile X syndrome	OMIM	lower	
franceschetti	Franceschetti		Naegeli-Franceschetti-Jadassohn syndrome	OMIM	cap	
frank	Frank		Frank-ter Haar syndrome	OMIM	cap	
fraser	Fraser		Fraser syndrome 1; Fraser syndrome 3; Fraser syndrome 2	OMIM	cap	
frasier	Frasier		Frasier syndrome	OMIM	cap	
fraumeni	Fraumeni		Li-Fraumeni syndrome	OMIM	cap	
frias	Frias		Frias syndrome	OMIM	cap	
friedreich	Friedreich		Friedreich ataxia 2; Friedreich ataxia with retained reflexes; Friedreich ataxia	OMIM	cap	
froese	Froese		Blood group, Froese	OMIM	cap	
frontometaphyseal	Frontometaphyseal		Frontometaphyseal dysplasia 2; Frontometaphyseal dysplasia 1	OMIM	lower	
frontonasal	Frontonasal		Frontonasal dysplasia 1; Frontonasal dysplasia 2; Frontonasal dysplasia 3	OMIM	lower	
frontotemporal	Frontotemporal		Frontotemporal lobar degeneration, TARDBP-related; Frontotemporal dementia and/or amyotrophic lateral sclero...; Frontotemporal dementia and/or amyotrophic lateral sclero...	OMIM	lower	
fructose	Fructose		Fructose-1,6-bisphosphatase deficiency; Fructose intolerance, hereditary	OMIM	lower	
fructosuria	Fructosuria		[Fructosuria, essential	OMIM	lower	
fry	Fry		Turnpenny-Fry syndrome	OMIM	cap	
fryns	Fryns		Lujan-Fryns syndrome	OMIM	cap	
fuchs	Fuchs		Corneal dystrophy, Fuchs endothelial, 1; Corneal dystrophy, Fuchs endothelial, 5; Corneal dystrophy, Fuchs endothelial, 7	OMIM	cap	
fucosidosis	Fucosidosis		Fucosidosis	OMIM	lower	
fucosyltransferase	Fucosyltransferase		Fucosyltransferase 6 deficiency	OMIM	lower	
fumarase	Fumarase		Fumarase deficiency	OMIM	lower	
fundus	Fundus		Fundus flavimaculatus; Fundus albipunctatus	OMIM	lower	
gaba	GABA		GABA-transaminase deficiency	OMIM	cap	
gabriele	Gabriele		Gabriele-de Vries syndrome	OMIM	cap	
galactokinase	Galactokinase		Galactokinase deficiency with cataracts	OMIM	lower	
galactose	Galactose		Galactose epimerase deficiency	OMIM	lower	
galactosemia	Galactosemia		Galactosemia IV; Galactosemia	OMIM	lower	
galactosialidosis	Galactosialidosis		Galactosialidosis	OMIM	lower	
gallbladder	Gallbladder		Gallbladder disease 2; Gallbladder disease 3; Gallbladder disease 4	OMIM	lower	
galloway	Galloway		Galloway-Mowat syndrome 10; Galloway-Mowat syndrome 8; Galloway-Mowat syndrome 5	OMIM	cap	
gamma	Gamma		Gamma-glutamyltransferase, familial high serum	OMIM	lower	
gand	GAND		GAND syndrome	OMIM	cap	
gapo	GAPO		GAPO syndrome	OMIM	cap	
gardner	Gardner		Gardner syndrome; Retinal dystrophy, X-linked, Gardner-Hardcastle type	OMIM	cap	
garg	Garg		Garg-Mishra progeroid syndrome	OMIM	cap	
gastric	Gastric		Gastric cancer, somatic; Gastric cancer risk after H. pylori infection; Gastric adenocarcinoma and proximal polyposis of the stomach	OMIM	lower	
gastroesophageal	Gastroesophageal		Gastroesophageal reflux	OMIM	lower	
gastrointestinal	Gastrointestinal		Gastrointestinal stromal tumor; Gastrointestinal ulceration, recurrent, with dysfunctiona...; Gastrointestinal defects and immunodeficiency syndrome	OMIM	lower	
gaucher	Gaucher		Gaucher disease, type II; Gaucher disease, type IIIC; Gaucher disease, type III	OMIM	cap	
gazali	Gazali		Al-Gazali syndrome; Al-Gazali-Bakalinova syndrome	OMIM	cap	
gaze	Gaze		Gaze palsy, familial horizontal, with progressive scolios...; Gaze palsy, familial horizontal, with progressive scolios...	OMIM	lower	
gbbb	GBBB		Opitz GBBB syndrome	OMIM	cap	
geleophysic	Geleophysic		Geleophysic dysplasia 1; Geleophysic dysplasia 3; Geleophysic dysplasia 2	OMIM	lower	
gene	Gene		Gene expression, variation in, QTL	OMIM	lower	
generalized	Generalized		?Generalized epilepsy with febrile seizures plus, type 5,...; Generalized epilepsy with febrile seizures plus, type 4; Generalized epilepsy with febrile seizures plus, type 7	OMIM	lower	
genevieve	Genevieve		Spondyloepimetaphyseal dysplasia, Genevieve type	OMIM	cap	
geniospasm	Geniospasm		Geniospasm	OMIM	lower	
genitopatellar	Genitopatellar		Genitopatellar syndrome	OMIM	lower	
genitourinary	Genitourinary		Genitourinary and/or/brain malformation syndrome	OMIM	lower	
gerbich	Gerbich		Blood group, Gerbich	OMIM	cap	
germ	Germ		Germ cell tumors, somatic	OMIM	lower	
geroderma	Geroderma		Geroderma osteodysplasticum	OMIM	lower	
gerold	Gerold		Baller-Gerold syndrome	OMIM	cap	
gerstmann	Gerstmann		Gerstmann-Straussler disease	OMIM	cap	
ghosal	Ghosal		Ghosal hematodiaphyseal syndrome	OMIM	cap	
giant	Giant		Giant axonal neuropathy 2, autosomal dominant; Giant axonal neuropathy-1; Giant platelet disorder, isolated	OMIM	lower	
gibbs	Gibbs		Xia-Gibbs syndrome	OMIM	cap	
gibson	Gibson		Cohen-Gibson syndrome	OMIM	cap	
giedion	Giedion		Schinzel-Giedion midface retraction syndrome	OMIM	cap	
gil	GIL		Blood group GIL	OMIM	cap	
gilbert	Gilbert		Gilbert syndrome	OMIM	cap	
gilford	Gilford		Hutchinson-Gilford progeria	OMIM	cap	
gilles	Gilles		Gilles de la Tourette syndrome, susceptibility to	OMIM	cap	
gillespie	Gillespie		Gillespie syndrome	OMIM	cap	
gillessen	Gillessen		Gillessen-Kaesbach-Nishimura syndrome	OMIM	cap	
gist	GIST		Gastrointestinal stromal tumor/GIST-plus syndrome, somati...	OMIM	cap	
gistelinck	Gistelinck		Osteochondrodysplasia, complex lethal, Symoens-Barnes-Gis...	OMIM	cap	
gitelman	Gitelman		Gitelman syndrome	OMIM	cap	
glanzmann	Glanzmann		Glanzmann thrombasthenia 1; Glanzmann thrombasthenia 2	OMIM	cap	
glass	Glass		Glass syndrome	OMIM	lower	common word, handle deviations with pattern
glaucoma	Glaucoma		Glaucoma 3, primary infantile, B; Glaucoma 1A, primary open angle; Glaucoma 3A, primary open angle, congenital, juvenile, or...	OMIM	lower	
glioblastoma	Glioblastoma		Glioblastoma 3; Glioblastoma, somatic	OMIM	lower	
glioma	Glioma		Glioma, susceptibility to, somatic; Glioma susceptibility 8; Glioma susceptibility 7	OMIM	lower	
global	Global		Global developmental delay, progressive ataxia, and eleva...; Global developmental delay, absent or hypoplastic corpus ...; Global developmental delay with speech and behavioral abn...	OMIM	lower	
glomerulopathy	Glomerulopathy		Glomerulopathy with fibronectin deposits 1; Glomerulopathy with fibronectin deposits 2	OMIM	lower	
glomerulosclerosis	Glomerulosclerosis		Glomerulosclerosis, focal segmental, 3; Glomerulosclerosis, focal segmental, 7; Glomerulosclerosis, focal segmental, 2	OMIM	lower	
glomuvenous	Glomuvenous		Glomuvenous malformations	OMIM	lower	
glucocorticoid	Glucocorticoid		Glucocorticoid deficiency 4, with or without mineralocort...; Glucocorticoid resistance; Glucocorticoid therapy, response to	OMIM	lower	
glucose	Glucose		Glucose/galactose malabsorption	OMIM	lower	
glut	GLUT		GLUT1 deficiency syndrome 1, infantile onset, severe; GLUT1 deficiency syndrome 2, childhood onset	OMIM	cap	
glutamate	Glutamate		Glutamate formiminotransferase deficiency	OMIM	lower	
glutamine	Glutamine		Glutamine deficiency, congenital	OMIM	lower	
glutaric	Glutaric		Glutaric acidemia IIC; Glutaric aciduria III; Glutaric acidemia IIA	OMIM	lower	
glutathione	Glutathione		Glutathione synthetase deficiency	OMIM	lower	
glycerol	Glycerol		Glycerol quantitative trait locus; Glycerol kinase deficiency	OMIM	lower	
glycine	Glycine		Glycine encephalopathy with normal serum glycine; Glycine encephalopathy 2; Glycine N-methyltransferase deficiency	OMIM	lower	
glycogen	Glycogen		Glycogen storage disease IIIa; Glycogen storage disease IIIb; Glycogen storage disease IV	OMIM	lower	
glycosylphosphatidylinositol	Glycosylphosphatidylinositol		Glycosylphosphatidylinositol deficiency; Glycosylphosphatidylinositol biosynthesis defect 16; Glycosylphosphatidylinositol biosynthesis defect 15	OMIM	lower	
glyoxalase	Glyoxalase		Glyoxalase II deficiency	OMIM	lower	
gnathodiaphyseal	Gnathodiaphyseal		Gnathodiaphyseal dysplasia	OMIM	lower	
goiter	Goiter		Goiter, multinodular, 3; Goiter, multinodular 1, with or without Sertoli-Leydig ce...; Goiter, multinodular, 2	OMIM	lower	
golabi	Golabi		Simpson-Golabi-Behmel syndrome, type 2; Simpson-Golabi-Behmel syndrome, type 1	OMIM	cap	
goldberg	Goldberg		Shprintzen-Goldberg syndrome; Goldberg-Shprintzen megacolon syndrome	OMIM	cap	
gordon	Gordon		Chopra-Amiel-Gordon syndrome; Baker-Gordon syndrome; Guillouet-Gordon syndrome	OMIM	cap	
gorlin	Gorlin		Meier-Gorlin syndrome 1; Meier-Gorlin syndrome 2; Meier-Gorlin syndrome 6	OMIM	cap	
gout	Gout		Gout susceptibility 4; Gout, PRPS-related	OMIM	lower	
goutieres	Goutieres		Aicardi-Goutieres syndrome 6; Aicardi-Goutieres syndrome 7; Aicardi-Goutieres syndrome 1, dominant and recessive	OMIM	cap	
gpapp	GPAPP		Chondrodysplasia with joint dislocations, GPAPP type	OMIM	cap	
gpr	GPR		Usher syndrome, type 2C, GPR98/PDZD7 digenic; Usher syndrome, type IIC, GPR98/PDZD7 digenic	OMIM	cap	
gracile	GRACILE	GRACILE (1); Gracile (1)	GRACILE syndrome; Gracile bone dysplasia	OMIM	lower	handle capitalization with pattern
graft	Graft		Graft-versus-host disease, protection against	OMIM	lower	
grange	Grange		Grange syndrome	OMIM	cap	
granulomatosis	Granulomatosis		Granulomatosis with polyangiitis	OMIM	lower	
grasbeck	Grasbeck		Imerslund-Grasbeck syndrome 1; Imerslund-Grasbeck syndrome 2	OMIM	cap	
graves	Graves		Graves disease, susceptibility to, 1; Graves disease, susceptibility to, 2; Graves disease, susceptibility to, X-linked	OMIM	cap	
gray	Gray		Gray platelet syndrome	OMIM	lower	
greenberg	Greenberg		Greenberg skeletal dysplasia	OMIM	cap	
greig	Greig		Greig cephalopolysyndactyly syndrome	OMIM	cap	
gripp	Gripp		Ayme-Gripp syndrome	OMIM	cap	
griscelli	Griscelli		Griscelli syndrome, type 3; Griscelli syndrome, type 1; Griscelli syndrome, type 2	OMIM	cap	
groenouw	Groenouw		Corneal dystrophy, Groenouw type I	OMIM	cap	
growth	Growth		Growth hormone deficiency with pituitary anomalies; Growth hormone deficiency, isolated partial; Growth hormone insensitivity, partial	OMIM	lower	
guillermo	Guillermo		Nestor-Guillermo progeria syndrome	OMIM	cap	
guillouet	Guillouet		Guillouet-Gordon syndrome	OMIM	cap	
guion	Guion		Mandibulofacial dysostosis, Guion-Almeida type	OMIM	cap	
guo	Guo		Spondyloepimetaphyseal dysplasia, Guo-Campeau type	OMIM	cap	
gupta	Gupta		Van den Ende-Gupta syndrome	OMIM	cap	
gustavson	Gustavson		Intellectual developmental disorder, X-linked syndromic, ...	OMIM	cap	
gyrate	Gyrate		Gyrate atrophy of choroid and retina with or without orni...	OMIM	lower	
haaften	Haaften		Tessadori-Bicknell-van Haaften neurodevelopmental syndrome 1; Tessadori-Bicknell-van Haaften neurodevelopmental syndrome 3; Tessadori-Bicknell-van Haaften neurodevelopmental syndrome 4	OMIM	cap	
haar	Haar		Frank-ter Haar syndrome	OMIM	cap	
hagen	Hagen		Blood group, John-Milton-Hagen system	OMIM	cap	
haghshenas	Haghshenas		Karayol-Borroto-Haghshenas neurodevelopmental syndrome	OMIM	cap	
hailey	Hailey		Hailey-Hailey disease	OMIM	cap	
haim	Haim		Haim-Munk syndrome	OMIM	cap	
hair	Hair		Hair, curly; Hair morphology 1, hair thickness	OMIM	lower	
hairy	Hairy		Hairy ears, Y-linked	OMIM	lower	
hajdu	Hajdu		Hajdu-Cheney syndrome	OMIM	cap	
hall	Hall		Pallister-Hall syndrome; Pallister-Hall-like syndrome; Arthrogryposis, distal, type 2B3 (Sheldon-Hall)	OMIM	lower	
halperin	Halperin		Halperin-Birk syndrome	OMIM	lower	
hamamy	Hamamy		Hamamy syndrome	OMIM	cap	
hand	Hand		Hand-foot-genital syndrome	OMIM	lower	
handmaker	Handmaker		Dyssegmental dysplasia, Silverman-Handmaker type	OMIM	cap	
hao	Hao		Hao-Fountain syndrome	OMIM	cap	
harbor	Harbor		Floating-Harbor syndrome	OMIM	cap	
hardcastle	Hardcastle		Retinal dystrophy, X-linked, Gardner-Hardcastle type	OMIM	cap	
harderoporphyria	Harderoporphyria		Harderoporphyria	OMIM	lower	
hardikar	Hardikar		Hardikar syndrome	OMIM	cap	
harel	Harel		Harel-Yoon syndrome; Buratti-Harel syndrome; Yuan-Harel-Lupski syndrome	OMIM	cap	
harris	Harris		Alsahan-Harris syndrome	OMIM	cap	
hartnup	Hartnup		Hartnup disorder	OMIM	cap	
hartsfield	Hartsfield		Hartsfield syndrome	OMIM	cap	
hashimoto	Hashimoto		Hashimoto thyroiditis	OMIM	cap	
hatipoglu	Hatipoglu		Hatipoglu immunodeficiency syndrome	OMIM	cap	
hattab	Hattab		Suleiman-El-Hattab syndrome	OMIM	cap	
hawkinsinuria	Hawkinsinuria		Hawkinsinuria	OMIM	cap	
hayek	Hayek		El Hayek-Chahrour neurodevelopmental syndrome	OMIM	cap	
hayward	Hayward		Juberg-Hayward syndrome	OMIM	cap	
hearing	Hearing		?Hearing loss, cisplatin-induced, susceptibility to	OMIM	lower	
heart	Heart		Heart-hand syndrome, Slovenian type; Heart block, progressive, type IA; Heart block, nonprogressive	OMIM	lower	
hedera	Hedera		Intellectual developmental disorder, X-linked syndromic, ...	OMIM	cap	
heimler	Heimler		Heimler syndrome 2; Heimler syndrome 1	OMIM	cap	
heinz	Heinz		Heinz body anemia; Heinz body anemias, alpha-	OMIM	cap	
helix	HELIX		HELIX syndrome	OMIM	cap	may need to allow lowercase = common word; not yet aware of any common use
hellp	HELLP		HELLP syndrome, maternal, of pregnancy	OMIM	cap	
helsmoortel	Helsmoortel		Helsmoortel-van der Aa syndrome	OMIM	cap	
hemangioma	Hemangioma		?Hemangioma, capillary infantile, susceptibility to; Hemangioma, capillary infantile, susceptibility to; Hemangioma, capillary infantile, somatic	OMIM	lower	
hematocrit	Hematocrit		Hematocrit/hemoglobin quantitative trait locus 1; Hematocrit/hemoglobin quantitative trait locus 2; Hematocrit/hemoglobin quantitative trait locus 3	OMIM	lower	
hematuria	Hematuria		Hematuria, familial benign, 1; Hematuria, benign familial, 2	OMIM	lower	
heme	Heme		Heme oxygenase-1 deficiency	OMIM	lower	
hemifacial	Hemifacial		Hemifacial myohyperplasia, somatic	OMIM	lower	
hemihypertrophy	Hemihypertrophy		Hemihypertrophy	OMIM	lower	
hemochromatosis	Hemochromatosis		Hemochromatosis, type 2A; Hemochromatosis, type 4; Hemochromatosis, type 1	OMIM	lower	
hemoglobin	Hemoglobin		Hemoglobin, high altitude adaptation; Hemoglobin H disease, deletional and nondeletional; Hemoglobin H disease, nondeletional	OMIM	lower	
hemolytic	Hemolytic		Hemolytic disease of fetus and newborn, RH-induced; Hemolytic uremic syndrome, atypical, susceptibility to, 1; Hemolytic uremic syndrome, atypical, susceptibility to	OMIM	lower	
hemophagocytic	Hemophagocytic		Hemophagocytic lymphohistiocytosis, familial, 4; Hemophagocytic lymphohistiocytosis, familial, 1; Hemophagocytic lymphohistiocytosis, familial, 2	OMIM	lower	
hemophilia	Hemophilia		Hemophilia B; Hemophilia A	OMIM	lower	
hemorrhage	Hemorrhage		Hemorrhage, intracerebral, susceptibility to	OMIM	lower	
hemorrhagic	Hemorrhagic		Hemorrhagic destruction of the brain, subependymal calcif...; Hemorrhagic diathesis due to antithrombin Pittsburgh	OMIM	lower	
hengel	Hengel		Hengel-Maroofian-Schols syndrome	OMIM	cap	
hennekam	Hennekam		Hennekam lymphangiectasia-lymphedema syndrome 3; Hennekam lymphangiectasia-lymphedema syndrome 2; Menke-Hennekam syndrome 1	OMIM	cap	
hepatic	Hepatic		Hepatic venoocclusive disease with immunodeficiency; Hepatic fibrosis susceptibility due to Schistosoma manson...; Hepatic adenoma, somatic	OMIM	lower	
hepatitis	Hepatitis		Hepatitis C virus, resistance to; Hepatitis B virus infection, susceptibility to; ?Hepatitis, fulminant viral, susceptibility to	OMIM	lower	
hepatocellular	Hepatocellular		Hepatocellular carcinoma, somatic; Hepatocellular carcinoma, childhood type, somatic; Hepatocellular cancer, somatic	OMIM	lower	
hepatorenocardiac	Hepatorenocardiac		Hepatorenocardiac degenerative fibrosis	OMIM	lower	
hereditary	Hereditary		Hereditary motor and sensory neuropathy VIA; Hereditary motor and sensory neuropathy, Okinawa type; Hereditary persistence of alpha-fetoprotein	OMIM	lower	
hermansky	Hermansky		Hermansky-Pudlak syndrome 3; Hermansky-Pudlak syndrome 2; Hermansky-Pudlak syndrome 11	OMIM	cap	
herndon	Herndon		Allan-Herndon-Dudley syndrome	OMIM	cap	
heterotaxy	Heterotaxy		Heterotaxy, visceral, 14, autosomal; Heterotaxy, visceral, 11, autosomal, with male infertility; Heterotaxy, visceral, 2, autosomal	OMIM	lower	
heterotopia	Heterotopia		Heterotopia, periventricular, 1	OMIM	lower	
hex	HEX	HEX (1); Hex (1)	C3HEX, ability to smell; Hex A pseudodeficiency	OMIM	cap	defaulting to full capitalization for now, may need pattern
heyn	Heyn		Heyn-Sproul-Jackson syndrome	OMIM	cap	
hiatt	Hiatt		Hiatt-Neu-Cooper neurodevelopmental syndrome	OMIM	cap	
higashi	Higashi		Chediak-Higashi syndrome	OMIM	cap	
high	High		High density lipoprotein cholesterol level QTL 5; High molecular weight kininogen deficiency; High density lipoprotein cholesterol level QTL 4	OMIM	lower	
hijazi	Hijazi		Hijazi-Reis syndrome	OMIM	cap	
hip	Hip		Hip dysplasia, Beukes type	OMIM	lower	
hippel	Hippel		von Hippel-Lindau syndrome; von Hippel-Lindau syndrome, modifier of	OMIM	cap	
hirschhorn	Hirschhorn		Wolf-Hirschhorn syndrome	OMIM	cap	
hirschsprung	Hirschsprung		Hirschsprung disease, cardiac defects, and autonomic dysf...; Hirschsprung disease, susceptibility to, 6; Neuroblastoma with Hirschsprung disease	OMIM	cap	
histidinemia	Histidinemia		Histidinemia	OMIM	lower	
histiocytoma	Histiocytoma		Histiocytoma, angiomatoid fibrous, somatic	OMIM	lower	
histiocytosis	Histiocytosis		Histiocytosis-lymphadenopathy plus syndrome	OMIM	lower	
hitz	Hitz		Sifrim-Hitz-Weiss syndrome	OMIM	cap	
hiv	HIV		HIV-1, susceptibility to; Rapid progression to AIDS from HIV1 infection; HIV infection, susceptibility/resistance to	OMIM	cap	
hmg	HMG		HMG-CoA lyase deficiency; HMG-CoA synthase-2 deficiency	OMIM	cap	
hodgkin	Hodgkin		Lymphoma, non-Hodgkin, somatic; Hodgkin lymphoma, susceptibility to; Rapp-Hodgkin syndrome	OMIM	cap	
hoed	Hoed		den Hoed-de Boer-Voisin syndrome	OMIM	cap	
hoeijmakers	Hoeijmakers		Schuurs-Hoeijmakers syndrome	OMIM	cap	
hogg	Hogg		Birt-Hogg-Dube syndrome 2; Birt-Hogg-Dube syndrome	OMIM	cap	
holling	Holling		Spondylopeiphyseal dysplasia, Holling type	OMIM	cap	
holocarboxylase	Holocarboxylase		Holocarboxylase synthetase deficiency	OMIM	lower	
holoprosencephaly	Holoprosencephaly		Holoprosencephaly 10; Holoprosencephaly 2; Holoprosencephaly 9	OMIM	lower	
holt	Holt		Holt-Oram syndrome	OMIM	cap	
homocysteine	Homocysteine		Homocysteine plasma level	OMIM	lower	
homocystinuria	Homocystinuria		Homocystinuria due to MTHFR deficiency; Homocystinuria-megaloblastic anemia, cblG complementation...; Homocystinuria-megaloblastic anemia, cblD type	OMIM	lower	
homosexuality	Homosexuality		?Homosexuality, male	OMIM	lower	
hoover	Hoover		You-Hoover-Fong syndrome	OMIM	cap	
hopkins	Hopkins		Pitt-Hopkins-like syndrome 2; Pitt-Hopkins like syndrome 1; Pitt-Hopkins syndrome	OMIM	cap	
horan	Horan		Nance-Horan syndrome	OMIM	cap	
houge	Houge		Houge-Janssens syndrome 3; Houge-Janssens syndrome 1; Houge-Janssens syndrome 4	OMIM	cap	
hoxha	Hoxha		Hoxha-Aliu syndrome	OMIM	cap	
hprt	HPRT		Hyperuricemia, HPRT-related	OMIM	cap	
hpv	HPV		Immunodeficiency 123 with HPV-related verrucosis; Immunodeficiency 130 with HPV-related verrucosis	OMIM	cap	
hsd	HSD		HSD10 mitochondrial disease	OMIM	cap	
huang	Huang		Ziegler-Huang syndrome	OMIM	cap	
hubshman	Hubshman		Li-Ghorgani-Weisz-Hubshman syndrome	OMIM	cap	
huet	Huet		Pelger-Huet anomaly; Rhizomelic skeletal dysplasia with or without Pelger-Huet...; Short stature, optic nerve atrophy, and Pelger-Huet anomaly	OMIM	cap	
human	Human		Human herpesvirus 8, susceptibility to; Human coronavirus sensitivity	OMIM	lower	
humerofemoral	Humerofemoral		Humerofemoral hypoplasia with radiotibial ray deficiency	OMIM	lower	
hunter	Hunter		Acromesomelic dysplasia 2C, Hunter-Thompson type	OMIM	cap	
huntington	Huntington		Huntington disease; Huntington disease-like 3; Huntington disease-like 2	OMIM	cap	
huppke	Huppke		Huppke-Brendel syndrome	OMIM	cap	
huriez	Huriez		Huriez syndrome	OMIM	cap	
hurthle	Hurthle		Thyroid carcinoma, Hurthle cell	OMIM	cap	
hutchinson	Hutchinson		Hutchinson-Gilford progeria	OMIM	cap	
hyaline	Hyaline		Hyaline fibromatosis syndrome	OMIM	lower	
hydatidiform	Hydatidiform		Hydatidiform mole, recurrent, 2; Hydatidiform mole, recurrent, 4; Hydatidiform mole, recurrent, 1	OMIM	lower	
hydranencephaly	Hydranencephaly		Hydranencephaly with abnormal genitalia	OMIM	lower	
hydrocephalus	Hydrocephalus		Hydrocephalus, congenital, 4; Hydrocephalus, congenital, 5, susceptibility to; Hydrocephalus, autosomal dominant	OMIM	lower	
hydrolethalus	Hydrolethalus		Hydrolethalus syndrome; Hydrolethalus syndrome 2	OMIM	lower	
hydrops	Hydrops		Hydrops, lactic acidosis, and sideroblastic anemia	OMIM	lower	
hydroxykynureninuria	Hydroxykynureninuria		Hydroxykynureninuria	OMIM	lower	
hyper	Hyper		Hyper-IgE syndrome 5, autosomal recessive, with recurrent...; Hyper-IgE syndrome 4A, autosomal dominant, with recurrent...; Hyper-IgE syndrome 4B, autosomal recessive, with recurren...	OMIM	lower	
hyperaldosteronism	Hyperaldosteronism		Hyperaldosteronism, familial, type II; Hyperaldosteronism, familial, type III; Hyperaldosteronism, familial, type IV	OMIM	lower	
hyperalphalipoproteinemia	Hyperalphalipoproteinemia		Hyperalphalipoproteinemia	OMIM	lower	
hyperammonemia	Hyperammonemia		Hyperammonemia due to carbonic anhydrase VA deficiency	OMIM	lower	
hyperandrogenism	Hyperandrogenism		Hyperandrogenism, nonclassic type, due to 21-hydroxylase ...	OMIM	lower	
hyperbilirubinemia	Hyperbilirubinemia		Hyperbilirubinemia, familial transient neonatal; Hyperbilirubinemia, Rotor type, digenic	OMIM	lower	
hyperbiliverdinemia	Hyperbiliverdinemia		Hyperbiliverdinemia	OMIM	lower	
hypercalcemia	Hypercalcemia		Hypercalcemia, infantile, 2; Hypercalcemia, infantile, 1	OMIM	lower	
hypercalciuria	Hypercalciuria		Hypercalciuria, absorptive, susceptibility to; Hypercalciuria, absorptive	OMIM	lower	
hypercarotenemia	Hypercarotenemia		Hypercarotenemia and vitamin A deficiency, autosomal domi...	OMIM	lower	
hyperchlorhidrosis	Hyperchlorhidrosis		Hyperchlorhidrosis, isolated	OMIM	lower	
hypercholanemia	Hypercholanemia		Hypercholanemia, familial 1; Hypercholanemia, familial 3; Hypercholanemia, familial 2	OMIM	lower	
hypercholesterolemia	Hypercholesterolemia		Hypercholesterolemia, familial, 4; Hypercholesterolemia, familial, 3; Hypercholesterolemia, familial, modifier of	OMIM	lower	
hyperekplexia	Hyperekplexia		Hyperekplexia 2; Hyperekplexia 1; Hyperekplexia 4	OMIM	lower	
hyperemesis	Hyperemesis		Hyperemesis gravidarum, susceptibility to	OMIM	lower	
hypereosinophilic	Hypereosinophilic		Hypereosinophilic syndrome, idiopathic, resistant to imat...	OMIM	lower	
hyperferritinemia	Hyperferritinemia		Hyperferritinemia; Hyperferritinemia-cataract syndrome	OMIM	lower	
hyperglycinemia	Hyperglycinemia		Hyperglycinemia, lactic acidosis, and seizures	OMIM	lower	
hyperglycinuria	Hyperglycinuria		Hyperglycinuria	OMIM	lower	
hyperhidrosis	Hyperhidrosis		Hyperhidrosis palmaris et plantaris	OMIM	lower	
hyperimmunoglobulin	Hyperimmunoglobulin		Hyperimmunoglobulin G1 syndrome	OMIM	lower	
hyperinsulinemic	Hyperinsulinemic		Hyperinsulinemic hypoglycemia, familial, 7; Hyperinsulinemic hypoglycemia, familial, 8; Hyperinsulinemic hypoglycemia, familial, 4	OMIM	lower	
hyperkalemic	Hyperkalemic		Hyperkalemic periodic paralysis	OMIM	lower	
hyperlipidemia	Hyperlipidemia		Hyperlipidemia, familial combined, susceptibility to; Hyperlipidemia, combined, 2	OMIM	lower	
hyperlipoproteinemia	Hyperlipoproteinemia		Hyperlipoproteinemia, type 1D; Hyperlipoproteinemia, type III; Hyperlipoproteinemia, type Ib	OMIM	lower	
hyperlysinemia	Hyperlysinemia		Hyperlysinemia	OMIM	lower	
hypermanganesemia	Hypermanganesemia		Hypermanganesemia with dystonia 1; Hypermanganesemia with dystonia 2	OMIM	lower	
hypermetabolism	Hypermetabolism		Hypermetabolism due to uncoupled mitochondrial oxidative ...	OMIM	lower	
hypermethioninemia	Hypermethioninemia		Hypermethioninemia due to adenosine kinase deficiency; Hypermethioninemia, persistent, autosomal dominant, due t...; Hypermethioninemia with deficiency of S-adenosylhomocyste...	OMIM	lower	
hyperornithinemia	Hyperornithinemia		Hyperornithinemia-hyperammonemia-homocitrullinemia syndrome	OMIM	lower	
hyperostosis	Hyperostosis		Hyperostosis cranalis interna	OMIM	lower	
hyperoxaluria	Hyperoxaluria		Hyperoxaluria, primary, type 1; Hyperoxaluria, primary, type II; Hyperoxaluria, primary, type III	OMIM	lower	
hyperparathyroidism	Hyperparathyroidism		Hyperparathyroidism, familial primary; Hyperparathyroidism-jaw tumor syndrome; Hyperparathyroidism 3	OMIM	lower	
hyperphenylalaninemia	Hyperphenylalaninemia		Hyperphenylalaninemia, BH4-deficient, C; Hyperphenylalaninemia, mild, non-BH4-deficient; Hyperphenylalaninemia, BH4-deficient, D	OMIM	lower	
hyperphosphatasia	Hyperphosphatasia		Hyperphosphatasia with impaired intellectual development ...; Hyperphosphatasia with impaired intellectual development ...; Hyperphosphatasia with impaired intellectual development ...	OMIM	lower	
hyperpigmentation	Hyperpigmentation		Hyperpigmentation with or without hypopigmentation; Hyperpigmentation, familial progressive, 1	OMIM	lower	
hyperproinsulinemia	Hyperproinsulinemia		Hyperproinsulinemia	OMIM	lower	
hyperprolactinemia	Hyperprolactinemia		Hyperprolactinemia	OMIM	lower	
hyperprolinemia	Hyperprolinemia		Hyperprolinemia, type II; Hyperprolinemia, type I	OMIM	lower	
hypersensitivity	Hypersensitivity		Hypersensitivity syndrome, carbamazepine-induced, suscept...	OMIM	lower	
hypersulfaturia	Hypersulfaturia		Hypersulfaturia	OMIM	lower	
hypertelorism	Hypertelorism		Hypertelorism, preauricular sinus, punctal pits, and deaf...	OMIM	lower	
hypertension	Hypertension		Hypertension, essential, susceptibility to; Hypertension, essential, susceptibility to, 3; Hypertension, essential, susceptibility to, 7	OMIM	lower	
hypertensive	Hypertensive		Hypertensive nephropathy	OMIM	lower	
hyperthyroidism	Hyperthyroidism		Hyperthyroidism, familial gestational; Hyperthyroidism, nonautoimmune	OMIM	lower	
hypertrichosis	Hypertrichosis		Hypertrichosis universalis congenita, Ambras type; Hypertrichosis terminalis, generalized, with or without g...; Hypertrichosis, congenital generalized, with gingival hyp...	OMIM	lower	
hypertriglyceridemia	Hypertriglyceridemia		Hypertriglyceridemia, susceptibility to; Hypertriglyceridemia, transient infantile; Hypertriglyceridemia 2	OMIM	lower	
hypertrophic	Hypertrophic		Hypertrophic osteoarthropathy, primary, autosomal dominant; Hypertrophic osteoarthropathy, primary, autosomal recessi...	OMIM	lower	
hypertryptophanemia	Hypertryptophanemia		?Hypertryptophanemia	OMIM	lower	
hyperuricemia	Hyperuricemia		Hyperuricemia, pulmonary hypertension, renal failure, and...; Hyperuricemia, HPRT-related	OMIM	lower	
hyperuricemic	Hyperuricemic		Hyperuricemic nephropathy, familial juvenile, 3	OMIM	lower	
hypervalinemia	Hypervalinemia		Hypervalinemia and hyperleucine-isoleucinemia	OMIM	lower	
hypoaldosteronism	Hypoaldosteronism		Hypoaldosteronism, congenital, due to CMO I deficiency; Hypoaldosteronism, congenital, due to CMO II deficiency	OMIM	lower	
hypoalphalipoproteinemia	Hypoalphalipoproteinemia		Hypoalphalipoproteinemia, primary, 2; Hypoalphalipoproteinemia, primary, 2, intermediate	OMIM	lower	
hypobetalipoproteinemia	Hypobetalipoproteinemia		Hypobetalipoproteinemia, familial, 2; Hypobetalipoproteinemia	OMIM	lower	
hypocalcemia	Hypocalcemia		Hypocalcemia, autosomal dominant, with Bartter syndrome; Hypocalcemia, autosomal dominant; Hypocalcemia, autosomal dominant 2	OMIM	lower	
hypocalciuric	Hypocalciuric		Hypocalciuric hypercalcemia, type I; Hypocalciuric hypercalcemia, type II; Hypocalciuric hypercalcemia, type III	OMIM	lower	
hypochondroplasia	Hypochondroplasia		Hypochondroplasia	OMIM	lower	
hypoglycemia	Hypoglycemia		Hypoglycemia of infancy, leucine-sensitive	OMIM	lower	
hypogonadotropic	Hypogonadotropic		Hypogonadotropic hypogonadism 27 without anosmia; Hypogonadotropic hypogonadism 13 with or without anosmia; Hypogonadotropic hypogonadism 15 with or without anosmia	OMIM	lower	
hypoinsulinemic	Hypoinsulinemic		Hypoinsulinemic hypoglycemia with hemihypertrophy	OMIM	lower	
hypokalemic	Hypokalemic		Hypokalemic periodic paralysis, type 1; Hypokalemic periodic paralysis, type 2; Hypokalemic tubulopathy and deafness	OMIM	lower	
hypomagnesemia	Hypomagnesemia		Hypomagnesemia 5, renal, with ocular involvement; Hypomagnesemia, seizures, and impaired intellectual devel...; Hypomagnesemia 3, renal	OMIM	lower	
hypomyelinating	Hypomyelinating		Hypomyelinating neuropathy, congenital, 2; Hypomyelinating neuropathy, congenital, 1; Hypomyelinating neuropathy, congenital, 3	OMIM	lower	
hypomyelination	Hypomyelination		Hypomyelination with brainstem and spinal cord involvemen...	OMIM	lower	
hypoparathyroidism	Hypoparathyroidism		Hypoparathyroidism-retardation-dysmorphism syndrome; Hypoparathyroidism, familial isolated 2; Hypoparathyroidism, sensorineural deafness, and renal dys...	OMIM	lower	
hypophosphatasia	Hypophosphatasia		Hypophosphatasia, infantile; Hypophosphatasia, childhood; Hypophosphatasia, adult	OMIM	lower	
hypophosphatemic	Hypophosphatemic		Hypophosphatemic rickets, AR; Hypophosphatemic rickets, autosomal recessive, 2; Hypophosphatemic rickets with hypercalciuria	OMIM	lower	
hypopigmentation	Hypopigmentation		Hypopigmentation, organomegaly, and delayed myelination a...	OMIM	lower	
hypoplastic	Hypoplastic		Hypoplastic left heart syndrome 2; Hypoplastic femurs and pelvis	OMIM	lower	
hypospadias	Hypospadias		Hypospadias 3, autosomal; Hypospadias 4, X-linked, susceptibility to; Hypospadias 1, X-linked	OMIM	lower	
hypotaurinemic	Hypotaurinemic		Hypotaurinemic retinal degeneration and cardiomyopathy	OMIM	lower	
hypothyroidism	Hypothyroidism		Hypothyroidism, congenital, nongoitrous 4; Hypothyroidism, congenital, due to thyroid dysgenesis or ...; Hypothyroidism, congenital nongoitrous, 5	OMIM	lower	
hypotonia	Hypotonia		Hypotonia-cystinuria syndrome; Hypotonia, infantile, with psychomotor retardation and ch...; Hypotonia, infantile, with psychomotor retardation	OMIM	lower	
hypotrichosis	Hypotrichosis		Hypotrichosis 5; Hypotrichosis 11; Hypotrichosis 15	OMIM	lower	
hypouricemia	Hypouricemia		Hypouricemia, renal, 2; Hypouricemia, renal	OMIM	lower	
hystrix	Hystrix		Hystrix-like ichthyosis with deafness	OMIM	lower	
icc	Icc		Congenital disorder of glycosylation, type Icc	OMIM	lower	
ichthyosis	Ichthyosis		Ichthyosis vulgaris; Ichthyosis, lamellar, autosomal dominant; Ichthyosis, congenital, autosomal recessive 4B (harlequin)	OMIM	lower	
ichthyotic	Ichthyotic		Ichthyotic keratoderma, spasticity, hypomyelination, and ...	OMIM	lower	
ifap	IFAP		IFAP syndrome with or without BRESHECK syndrome	OMIM	cap	
iga	IgA		IgA nephropathy, susceptibility to, 2; IgA nephropathy, susceptibility to, 1; ?IgA nephropathy, susceptibility to, 3	OMIM	cap	
igd	IgD		Hyper-IgD syndrome	OMIM	cap	
ige	IgE		Hyper-IgE syndrome 5, autosomal recessive, with recurrent...; Hyper-IgE syndrome 4A, autosomal dominant, with recurrent...; Hyper-IgE syndrome 4B, autosomal recessive, with recurren...	OMIM	cap	
igg	IgG		IgG receptor I, phagocytic, familial deficiency of] (3); IgG2 deficiency, selective (3)	OMIM	cap	
igm	IgM		Immunodeficiency with hyper-IgM, type 2; Immunodeficiency with hyper IgM, type 5; Immunodeficiency with hyper-IgM, type 3	OMIM	cap	
iia	IIA	IIA (12); IIa (1)	Pseudohypoaldosteronism, type IIA; Amelogenesis imperfecta, type IIA4; Multiple endocrine neoplasia IIA	OMIM	lower	
iiaa	IIaa		Congenital disorder of glycosylation, type IIaa	OMIM	lower	
iib		IIB (5); IIb (1)	Neuropathy, hereditary sensory and autonomic, type IIB; Multiple endocrine neoplasia IIB; Pseudohypoaldosteronism, type IIB	OMIM	lower	
iibb	IIbb		Congenital disorder of glycosylation, type IIbb	OMIM	lower	
iic		IIC (5); IIc (2)	Neuropathy, hereditary sensory, type IIC; Glutaric acidemia IIC; Usher syndrome, type IIC, GPR98/PDZD7 digenic	OMIM	lower	
iicc	IICC		Congenital disorder of glycosylation, type IICC	OMIM	lower	
iid		IID (3); IId (1)	Neuropathy, hereditary sensory and autonomic, type IID; Cutis laxa, autosomal recessive, type IID; Pseudohypoaldosteronism, type IID	OMIM	lower	
iie		IIE (2); IIe (1)	Cutis laxa, autosomal recessive, type IIE; Pseudohypoaldosteronism, type IIE; Congenital disorder of glycosylation, type IIe	OMIM	lower	
iif	IIf		Congenital disorder of glycosylation, type IIf	OMIM	lower	
iig	IIg		Congenital disorder of glycosylation, type IIg	OMIM	lower	
iih	IIh		Congenital disorder of glycosylation, type IIh	OMIM	lower	
iii	III	III (38); IIi (1)	Mitochondrial complex III deficiency, nuclear type 11; Gaucher disease, type III; Thrombophilia 7 due to antithrombin III deficiency	OMIM	lower	
iiia		IIIA (5); IIIa (1)	Corneal dystrophy, lattice type IIIA; Amelogenesis imperfecta, type IIIA; Cutis laxa, autosomal recessive, type IIIA	OMIM	lower	
iiib		IIIB (3); IIIb (2)	Amelogenesis imperfecta, type IIIB; Mucopolysaccharidosis type IIIB (Sanfilippo B); Cutis laxa, autosomal recessive, type IIIB	OMIM	lower	
iiic	IIIC		Gaucher disease, type IIIC; Mucopolysaccharidosis type IIIC (Sanfilippo C); Amelogenesis imperfecta, type IIIC	OMIM	lower	
iiid	IIID		Mucopolysaccharidosis type IIID	OMIM	lower	
iij	IIj		Congenital disorder of glycosylation, type IIj	OMIM	lower	disease group subtype number capitalization handled by pattern because of unusual capitalization
iik	IIk		Congenital disorder of glycosylation, type IIk	OMIM	lower	disease group subtype number capitalization handled by pattern because of unusual capitalization
iil	IIl		Congenital disorder of glycosylation, type IIl	OMIM	lower	disease group subtype number capitalization handled by pattern because of unusual capitalization
iim	IIm		Congenital disorder of glycosylation, type IIm	OMIM	lower	disease group subtype number capitalization handled by pattern because of unusual capitalization
iin	IIn		Congenital disorder of glycosylation, type IIn	OMIM	lower	disease group subtype number capitalization handled by pattern because of unusual capitalization
iio	IIo		Congenital disorder of glycosylation, type IIo	OMIM	lower	disease group subtype number capitalization handled by pattern because of unusual capitalization
iip	IIp		Congenital disorder of glycosylation, type IIp	OMIM	lower	disease group subtype number capitalization handled by pattern because of unusual capitalization
iiq	IIq		Congenital disorder of glycosylation, type IIq	OMIM	lower	disease group subtype number capitalization handled by pattern because of unusual capitalization
iir	IIr		Congenital disorder of glycosylation, type IIr	OMIM	lower	disease group subtype number capitalization handled by pattern because of unusual capitalization
iit	IIt		Congenital disorder of glycosylation, type IIt	OMIM	lower	disease group subtype number capitalization handled by pattern because of unusual capitalization
iiw	IIw		Congenital disorder of glycosylation, type IIw	OMIM	lower	disease group subtype number capitalization handled by pattern because of unusual capitalization
iiy	IIy		Congenital disorder of glycosylation, type IIy	OMIM	lower	disease group subtype number capitalization handled by pattern because of unusual capitalization
iiz	IIz		Congenital disorder of glycosylation, type IIz	OMIM	lower	disease group subtype number capitalization handled by pattern because of unusual capitalization
ikegawa	Ikegawa		Craniotubular dysplasia, Ikegawa type	OMIM	cap	
imagawa	Imagawa		Imagawa-Matsumoto syndrome	OMIM	cap	
image	IMAGE		IMAGE syndrome; IMAGE-I syndrome	OMIM	lower	common word, handle deviations with pattern
imerslund	Imerslund		Imerslund-Grasbeck syndrome 1; Imerslund-Grasbeck syndrome 2	OMIM	cap	
iminoglycinuria	Iminoglycinuria		Iminoglycinuria	OMIM	lower	
immune	Immune		Immune dysregulation and systemic hyperinflammation syndrome; Immune dysregulation, neurodevelopmental defects, and col...; Immune dysregulation with autoimmunity, immunodeficiency,...	OMIM	lower	
immunodeficiency	Immunodeficiency		Immunodeficiency 38; Immunodeficiency 16; Immunodeficiency 109 with lymphoproliferation	OMIM	lower	
immunodysregulation	Immunodysregulation		Immunodysregulation, craniofacial anomalies, hearing impa...; Immunodysregulation with variable immunodeficiency and au...; Immunodysregulation, polyendocrinopathy, and enteropathy,...	OMIM	lower	
immunoglobulin	Immunoglobulin		Immunoglobulin A deficiency; Immunoglobulin A deficiency 2	OMIM	lower	
immunoskeletal	Immunoskeletal		Immunoskeletal dysplasia with neurodevelopmental abnormal...	OMIM	lower	
impaired	Impaired		Impaired intellectual development, anterior maxillary pro...; Impaired intellectual development, truncal obesity, retin...; Impaired intellectual development and distinctive facial ...	OMIM	lower	
impdh	IMPDH		IMPDH2 enzyme activity, variation in	OMIM	cap	
inclusion	Inclusion		Inclusion body myopathy with early-onset Paget disease wi...; Inclusion body myopathy with early-onset Paget disease an...; Inclusion body myopathy and brain white matter abnormalities	OMIM	lower	
incontinentia	Incontinentia		Incontinentia pigmenti	OMIM	lower	
increased	Increased		Increased responsiveness to growth hormone	OMIM	lower	
indian	Indian		Blood group, Indian system; North American Indian childhood cirrhosis	OMIM	cap	
infantile	Infantile		Infantile-onset multisystem neurologic, endocrine, and pa...; Infantile liver failure syndrome 2; Infantile liver failure syndrome 1	OMIM	lower	
infection	Infection		Infection-induced acute-onset axonal neuropathy	OMIM	lower	
inflammatory	Inflammatory		Inflammatory bowel disease 7; Inflammatory bowel disease 17, protection against; Inflammatory bowel disease 23	OMIM	lower	
influenza	Influenza		Influenza, severe, susceptibility to	OMIM	lower	
innes	Innes		Beaulieu-Boycott-Innes syndrome	OMIM	cap	
inosine	Inosine		Inosine triphosphatase deficiency	OMIM	lower	
insensitivity	Insensitivity		Insensitivity to pain, congenital, with anhidrosis; Insensitivity to pain, congenital	OMIM	lower	
insomnia	Insomnia		Insomnia, fatal familial	OMIM	lower	
insulin	Insulin		Insulin resistance, severe, digenic; Insulin-like growth factor I deficiency; Insulin-like growth factor I, resistance to	OMIM	lower	
insulinoma	Insulinoma		Insulinoma (1)	OMIM	lower	
insulinomatosis	Insulinomatosis		Insulinomatosis and diabetes mellitus	OMIM	lower	
intellectual	Intellectual		Intellectual developmental disorder, autosomal dominant 42; Intellectual developmental disorder, autosomal recessive 77; Intellectual developmental disorder with neuropsychiatric...	OMIM	lower	
intelligence	Intelligence		Intelligence QTL3; Intelligence QTL1	OMIM	lower	
interferon	Interferon		Interferon, alpha, deficiency (1)	OMIM	lower	
interleukin	Interleukin		Interleukin 6, serum level of, QTL; Interleukin-6 receptor, soluble, serum level of, QTL; Interleukin 1 receptor antagonist deficiency	OMIM	lower	
interstitial	Interstitial		Interstitial lung disease 2; Interstitial lung disease 1; Interstitial lung and liver disease	OMIM	lower	
intervertebral	Intervertebral		Intervertebral disc disease, susceptibility to	OMIM	lower	
intestinal	Intestinal		Intestinal dysmotility syndrome; Intestinal pseudoobstruction, neuronal	OMIM	lower	
intracranial	Intracranial		Intracranial hemorrhage in brain cerebrovascular malforma...	OMIM	lower	
intrinsic	Intrinsic		Intrinsic factor deficiency	OMIM	lower	
iron	Iron		Iron overload, susceptibility to; Iron-refractory iron deficiency anemia	OMIM	lower	
ischiocoxopodopatellar	Ischiocoxopodopatellar		Ischiocoxopodopatellar syndrome with or without pulmonary...	OMIM	lower	
isidor	Isidor		Kury-Isidor syndrome; Nizon-Isidor syndrome; Spondyloepimetaphyseal dysplasia, Isidor-Toutain type	OMIM	cap	
island	Island		Aland Island eye disease	OMIM	cap	may need to allow lowercase = common word; not yet aware of any common use
isobutyryl	Isobutyryl		Isobutyryl-CoA dehydrogenase deficiency	OMIM	lower	
isolated	Isolated		Isolated growth hormone deficiency due to defect in GHRF (1); Isolated growth hormone deficiency, type III, with agamma...	OMIM	lower	
isovaleric	Isovaleric		Isovaleric acidemia	OMIM	lower	
iva		IVA (1); IVa (1)	Mucopolysaccharidosis IVA; Anemia, dyserythropoietic congenital, type IVa	OMIM	lower	defaulting to standard uppercase, not sure if lowercase [A-Z] is actually used at end
ivb		IVB (1); IVb (1)	Mucopolysaccharidosis type IVB (Morquio); Anemia, congenital dyserythropoietic, type IVb	OMIM	lower	defaulting to standard uppercase, not sure if lowercase [A-Z] is actually used at end
ivic	IVIC		IVIC syndrome	OMIM	cap	
ixa	IXa		Glycogen storage disease, type IXa2; Glycogen storage disease, type IXa1	OMIM	lower	
ixc	IXc		Glycogen storage disease IXc	OMIM	lower	
jaberi	Jaberi		Jaberi-Elahi syndrome	OMIM	cap	
jackson	Jackson		Heyn-Sproul-Jackson syndrome; Jackson-Weiss syndrome	OMIM	cap	
jacobsen	Jacobsen		Jacobsen syndrome	OMIM	cap	
jadassohn	Jadassohn		Naegeli-Franceschetti-Jadassohn syndrome	OMIM	cap	
jakob	Jakob		Creutzfeldt-Jakob disease, variant, resistance to; Creutzfeldt-Jakob disease	OMIM	cap	
jalili	Jalili		Jalili syndrome	OMIM	cap	
james	James		Spinal muscular atrophy, infantile, James type	OMIM	cap	
jampel	Jampel		Schwartz-Jampel syndrome, type 1; Stuve-Wiedemann syndrome/Schwartz-Jampel type 2 syndrome	OMIM	cap	
jansen	Jansen		Metaphyseal chondrodysplasia, Murk Jansen type; Chung-Jansen syndrome; Jansen-de Vries syndrome	OMIM	cap	
janssens	Janssens		Houge-Janssens syndrome 3; Houge-Janssens syndrome 1; Houge-Janssens syndrome 4	OMIM	cap	
jawad	Jawad		Jawad syndrome	OMIM	cap	
jee	Jee		Lui-Jee-Baron syndrome	OMIM	cap	
jeffries	Jeffries		Jeffries-Lakhani neurodevelopmental syndrome	OMIM	cap	
jeghers	Jeghers		Peutz-Jeghers syndrome	OMIM	cap	
jensen	Jensen		Intellectual developmental disorder, X-linked syndromic, ...	OMIM	cap	
jervell	Jervell		Jervell and Lange-Nielsen syndrome; Jervell and Lange-Nielsen syndrome 2	OMIM	cap	
johanson	Johanson		Johanson-Blizzard syndrome	OMIM	cap	
john	John		Blood group, John-Milton-Hagen system	OMIM	cap	
johnson	Johnson		Stevens-Johnson syndrome, susceptibility to; Dubin-Johnson syndrome	OMIM	cap	
joint	Joint		Joint laxity, short stature, and myopia; Joint contracture, osteochondromas, and B-cell lymphoma	OMIM	lower	
jokela	Jokela		Spinal muscular atrophy, Jokela type	OMIM	cap	
jones	Jones		Culler-Jones syndrome; Curry-Jones syndrome, somatic mosaic	OMIM	cap	
jongmans	Jongmans		Diets-Jongmans syndrome	OMIM	cap	
joseph	Joseph		Machado-Joseph disease	OMIM	cap	
joubert	Joubert		Joubert syndrome 25; Joubert syndrome 4; Joubert syndrome 14	OMIM	cap	
juberg	Juberg		Juberg-Hayward syndrome	OMIM	cap	
junior	Junior		Junior blood group system	OMIM	lower	
juvenile	Juvenile		Juvenile myelomonocytic leukemia; Juvenile arthritis; Juvenile polyposis/hereditary hemorrhagic telangiectasia ...	OMIM	lower	
kabuki	Kabuki		Kabuki syndrome 1; Kabuki syndrome 2	OMIM	cap	
kaesbach	Kaesbach		Gillessen-Kaesbach-Nishimura syndrome	OMIM	cap	
kaeser	Kaeser		Scapuloperoneal syndrome, neurogenic, Kaeser type	OMIM	cap	
kagami	Kagami		Kagami-Ogata syndrome	OMIM	cap	
kahrizi	Kahrizi		Kahrizi syndrome	OMIM	cap	
kaissi	Kaissi		Al Kaissi syndrome	OMIM	cap	
kala	Kala		Kala-azar, susceptibility to, 2; Kala-azar, susceptibility to, 3; Kala-azar, susceptibility to, 1	OMIM	lower	
kallikrein	Kallikrein		Kallikrein, decreased urinary activity of	OMIM	cap	
kallmann	Kallmann		Hypogonadotropic hypogonadism 1 with or without anosmia (...	OMIM	cap	
kalscheuer	Kalscheuer		Tonne-Kalscheuer syndrome	OMIM	cap	
kantaputra	Kantaputra		Mesomelic dysplasia, Kantaputra type	OMIM	cap	
kanzaki	Kanzaki		Kanzaki disease	OMIM	cap	
kaposi	Kaposi		Kaposi sarcoma in HIV+, susceptibility to; Kaposi sarcoma, susceptibility to	OMIM	cap	
kappa	Kappa		Kappa light chain deficiency	OMIM	cap	
karayol	Karayol		Karayol-Borroto-Haghshenas neurodevelopmental syndrome	OMIM	cap	
kariminejad	Kariminejad		Kariminejad neurodevelopmental syndrome	OMIM	cap	
katsanis	Katsanis		Khan-Khan-Katsanis syndrome	OMIM	cap	
kaufman	Kaufman		Kaufman oculocerebrofacial syndrome; McKusick-Kaufman syndrome	OMIM	cap	
kaveggia	Kaveggia		Opitz-Kaveggia syndrome	OMIM	cap	
kaya	Kaya		Kaya-Barakat-Masson syndrome	OMIM	cap	
kbg	KBG		KBG syndrome	OMIM	cap	
keipert	Keipert		Keipert syndrome	OMIM	cap	
kell	Kell		Blood group, Kell	OMIM	cap	
kenny	Kenny		Kenny-Caffey syndrome, type 1; Kenny-Caffey syndrome, type 2	OMIM	cap	
keppen	Keppen		Keppen-Lubinsky syndrome	OMIM	cap	
keratitis	Keratitis		Keratitis; Keratitis-ichthyosis-deafness syndrome; Keratitis-ichthyosis-deafness syndrome, autosomal recessive	OMIM	lower	
keratoconus	Keratoconus		Keratoconus 4; Keratoconus 9; Keratoconus 3	OMIM	lower	
keratoderma	Keratoderma		Keratoderma, palmoplantar, punctate type 3; Keratoderma, palmoplantar, punctate type IB; Keratoderma, palmoplantar, with deafness	OMIM	lower	
keratolytic	Keratolytic		Keratolytic winter erythema	OMIM	lower	
keratosis	Keratosis		Keratosis, seborrheic, somatic; Keratosis palmoplantaris striata II; Keratosis palmoplantaris striata III	OMIM	lower	
kernohan	Kernohan		White-Kernohan syndrome	OMIM	cap	
keutel	Keutel		Keutel syndrome	OMIM	cap	
khan	Khan		Khan-Khan-Katsanis syndrome	OMIM	cap	
kidd	Kidd		Blood group, Kidd	OMIM	cap	
killian	Killian		Pallister-Killian syndrome	OMIM	cap	
kilquist	Kilquist		Kilquist syndrome	OMIM	cap	
kimberley	Kimberley		Spondyloepiphyseal dysplasia, Kimberley type	OMIM	cap	
kindler	Kindler		Kindler syndrome	OMIM	cap	
king	King		King-Denborough syndrome	OMIM	cap	
kingsmore	Kingsmore		Smith-Kingsmore syndrome	OMIM	cap	
kininogen	Kininogen		Kininogen deficiency	OMIM	cap	
kinsship	KINSSHIP		KINSSHIP syndrome	OMIM	cap	
kitamura	Kitamura		Reticulate acropigmentation of Kitamura	OMIM	cap	
kleefstra	Kleefstra		Kleefstra syndrome 2; Kleefstra syndrome 1	OMIM	cap	
klein	Klein		Mullegama-Klein-Martinez syndrome	OMIM	cap	
kline	Kline		Au-Kline syndrome	OMIM	cap	
klippel	Klippel		Klippel-Feil syndrome 1, autosomal dominant; Klippel-Trenaunay-Weber syndrome; Klippel-Feil syndrome 3, autosomal dominant	OMIM	cap	
kniest	Kniest		Kniest dysplasia	OMIM	cap	
knobloch	Knobloch		Knobloch syndrome 2; Knobloch syndrome, type 1	OMIM	cap	
knops	Knops		Blood group, Knops system	OMIM	cap	
knorr	Knorr		Lichtenstein-Knorr syndrome	OMIM	cap	
kohlschutter	Kohlschutter		Kohlschutter-Tonz syndrome	OMIM	cap	
kolk	Kolk		Witteveen-Kolk syndrome	OMIM	cap	
kondo	Kondo		Spondyloepiphyseal dysplasia, Kondo-Fu type	OMIM	cap	
kondoh	Kondoh		Kondoh syndrome	OMIM	cap	
koolen	Koolen		Koolen-De Vries syndrome	OMIM	cap	
kosaki	Kosaki		Takenouchi-Kosaki syndrome; Kosaki overgrowth syndrome	OMIM	cap	
kowarski	Kowarski		Kowarski syndrome	OMIM	cap	
kozlowski	Kozlowski		Spondylometaphyseal dysplasia, Kozlowski type	OMIM	cap	
krabbe	Krabbe		Krabbe disease, atypical; Krabbe disease	OMIM	cap	
krakow	Krakow		Spondyloepimetaphyseal dysplasia, Krakow type	OMIM	cap	
kreienkamp	Kreienkamp		Lessel-Kreienkamp syndrome	OMIM	cap	
kruszka	Kruszka		Weiss-Kruszka syndrome	OMIM	cap	
kubisch	Kubisch		Lessel-Kubisch syndrome	OMIM	cap	
kucinskas	Kucinskas		Alkuraya-Kucinskas syndrome	OMIM	cap	
kufor	Kufor		Kufor-Rakeb syndrome	OMIM	cap	
kufs	Kufs		Ceroid lipofuscinosis, neuronal, 13 (Kufs type); Ceroid lipofuscinosis, neuronal, 6B (Kufs type); Ceroid lipofuscinosis, neuronal, 4 (Kufs type), autosomal...	OMIM	cap	
kumar	Kumar		Intellectual developmental disorder, X-linked syndromic, ...	OMIM	cap	
kuru	Kuru		Kuru, susceptibility to	OMIM	lower	
kury	Kury		Kury-Isidor syndrome	OMIM	cap	
kuwahara	Kuwahara		Alzahrani-Kuwahara syndrome	OMIM	cap	
kyphomelic	Kyphomelic		Kyphomelic dysplasia	OMIM	lower	
kyphoscoliosis	Kyphoscoliosis		Kyphoscoliosis 1	OMIM	lower	
laband	Laband		Zimmermann-Laband syndrome 3; Zimmermann-Laband syndrome 1; Zimmermann-Laband syndrome 2	OMIM	cap	
lacrimal	Lacrimal		Lacrimal duct defect	OMIM	lower	
lactase	Lactase		Lactase deficiency, congenital; Lactase persistence/nonpersistence	OMIM	lower	
lactate	Lactate		Lactate dehydrogenase-B deficiency	OMIM	lower	
laere	Laere		Brown-Vialetto-Van Laere syndrome 2; Brown-Vialetto-Van Laere syndrome 1	OMIM	cap	
lafora	Lafora		Myoclonic epilepsy of Lafora 2; Myoclonic epilepsy of Lafora 1	OMIM	cap	
lakhani	Lakhani		Jeffries-Lakhani neurodevelopmental syndrome	OMIM	cap	
lamb	Lamb		Lamb-Shaffer syndrome	OMIM	cap	
lambert	Lambert		Ichthyosis histrix, Lambert type	OMIM	cap	
landau	Landau		Birk-Landau-Perez syndrome	OMIM	cap	
landsteiner	Landsteiner		Blood group, Landsteiner-Wiener	OMIM	cap	
lange	Lange		Cornelia de Lange syndrome 1; Cornelia de Lange syndrome 4; Cornelia de Lange syndrome 3	OMIM	cap	
langer	Langer		Langer mesomelic dysplasia	OMIM	cap	
langereis	Langereis		Blood group, Langereis system	OMIM	cap	
laron	Laron		Laron dwarfism	OMIM	cap	
larsen	Larsen		Larsen syndrome; Larsen-like syndrome	OMIM	cap	
larsson	Larsson		Sjogren-Larsson syndrome	OMIM	cap	
laryngeal	Laryngeal		Laryngeal adductor paralysis	OMIM	lower	
lateral	Lateral		Lateral meningocele syndrome	OMIM	lower	
lathosterolosis	Lathosterolosis		Lathosterolosis	OMIM	cap	
laurence	Laurence		Laurence-Moon syndrome	OMIM	cap	
laurin	Laurin		Laurin-Sandrow syndrome	OMIM	cap	
laxova	Laxova		Neu-Laxova syndrome 1; Neu-Laxova syndrome 2	OMIM	cap	
lazarus	Lazarus		Bamforth-Lazarus syndrome	OMIM	cap	
ldl	LDL		Combined low LDL and fibrinogen; LDL cholesterol level QTL2	OMIM	cap	
lean	Lean		Lean body mass QTL 1	OMIM	lower	
leber	Leber		Spondyloepiphyseal dysplasia, sensorineural hearing loss,...; Leber congenital amaurosis 9; Leber congenital amaurosis 2	OMIM	cap	
lefevre	Lefevre		Papillon-Lefevre syndrome	OMIM	cap	
left	Left		Left ventricular noncompaction 8; Left ventricular noncompaction 6; Left ventricular noncompaction 3	OMIM	lower	
legg	Legg		Legg-Calve-Perthes disease	OMIM	cap	
legionnaire	Legionnaire		Legionnaire disease, susceptibility to	OMIM	cap	
legius	Legius		Legius syndrome	OMIM	cap	
lehmann	Lehmann		Borjeson-Forssman-Lehmann syndrome	OMIM	cap	
leigh	Leigh		3-methylglutaconic aciduria with deafness, encephalopathy...	OMIM	cap	
leiomyomatosis	Leiomyomatosis		Leiomyomatosis and renal cell cancer	OMIM	lower	
lemli	Lemli		Smith-Lemli-Opitz syndrome	OMIM	cap	
lenz	Lenz		Lenz-Majewski hyperostotic dwarfism; Cenani-Lenz syndactyly syndrome	OMIM	cap	
leopard	LEOPARD		LEOPARD syndrome 2; LEOPARD syndrome 3; LEOPARD syndrome 1	OMIM	cap	
leprosy	Leprosy		Leprosy, susceptibility to, 5; Leprosy, protection against; Leprosy, susceptibility to	OMIM	lower	
leptin	Leptin		Leptin serum levels QTL1	OMIM	lower	
leri	Leri		Leri pleonosteosis chromosome duplication syndrome; Leri-Weill dyschondrosteosis	OMIM	cap	
lesch	Lesch		Lesch-Nyhan syndrome	OMIM	cap	
lessel	Lessel		Lessel-Kreienkamp syndrome; Lessel-Kubisch syndrome	OMIM	cap	
lethal	Lethal		Lethal congenital contracture syndrome 9; Lethal congenital contracture syndrome 1; Lethal congenital contracture syndrome 8	OMIM	lower	
leukemia	Leukemia		Leukemia, acute lymphoblastic, somatic; Leukemia, T-cell acute lymphocytic, somatic; Leukemia/lymphoma, T-cell	OMIM	lower	
leukocyte	Leukocyte		Leukocyte adhesion deficiency, type III; Leukocyte adhesion deficiency	OMIM	lower	
leukodystrophy	Leukodystrophy		Leukodystrophy, hypomyelinating, 23, with ataxia, deafnes...; Leukodystrophy, hypomyelinating, 15; Leukodystrophy, hypomyelinating, 18	OMIM	lower	
leukoencephalopathy	Leukoencephalopathy		Leukoencephalopathy with vanishing white matter 3, with o...; Leukoencephalopathy with dystonia and motor neuropathy; Leukoencephalopathy with brain stem and spinal cord invol...	OMIM	lower	
leukotriene	Leukotriene		Leukotriene C4 synthase deficiency	OMIM	lower	
levy	Levy		Roussy-Levy syndrome; Levy-Shanske syndrome	OMIM	cap	
lewis	Lewis		Blood group, Lewis	OMIM	cap	
lewy	Lewy		Lewy body dementia, susceptibility to; Dementia, Lewy body	OMIM	cap	
leydig	Leydig		Leydig cell adenoma, somatic, with precocious puberty; Leydig cell hypoplasia with pseudohermaphroditism; Leydig cell hypoplasia with hypergonadotropic hypogonadism	OMIM	cap	
liang	Liang		Liang-Wang syndrome	OMIM	cap	
liberfarb	Liberfarb		Liberfarb syndrome	OMIM	cap	
lichtenstein	Lichtenstein		Lichtenstein-Knorr syndrome	OMIM	cap	
liddle	Liddle		Liddle syndrome 3; Liddle syndrome 2; Liddle syndrome 1	OMIM	cap	
liebenberg	Liebenberg		Liebenberg syndrome	OMIM	cap	
lig	LIG		LIG4 syndrome	OMIM	cap	
limb	Limb		Limb-mammary syndrome	OMIM	lower	
lindau	Lindau		von Hippel-Lindau syndrome; von Hippel-Lindau syndrome, modifier of	OMIM	cap	
linear	Linear		Linear skin defects with multiple congenital anomalies 1; Linear skin defects with multiple congenital anomalies 3; Linear skin defects with multiple congenital anomalies 2	OMIM	lower	
lipase	Lipase		Lipase deficiency, combined	OMIM	lower	
lipid	Lipid		Lipid storage myopathy due to flavin adenine dinucleotide...	OMIM	lower	
lipodystrophy	Lipodystrophy		Lipodystrophy, familial partial, type 2; Lipodystrophy, familial partial, type 5; Lipodystrophy, familial partial, type 3	OMIM	lower	
lipoid	Lipoid		Lipoid adrenal hyperplasia	OMIM	lower	
lipoma	Lipoma		Lipoma (3); Lipoma, somatic (3)	OMIM	lower	
lipomatosis	Lipomatosis		Lipomatosis, multiple symmetric, with or without peripher...	OMIM	lower	
lipoprotein	Lipoprotein		Lipoprotein lipase deficiency; Lipoprotein glomerulopathy	OMIM	lower	
liposarcoma	Liposarcoma		Liposarcoma (1)	OMIM	lower	
lipoyltransferase	Lipoyltransferase		Lipoyltransferase 1 deficiency	OMIM	lower	
lisch	Lisch		Lisch epithelial corneal dystrophy	OMIM	cap	
lissencephaly	Lissencephaly		Lissencephaly 9 with complex brainstem malformation; Lissencephaly 10; Lissencephaly 2 (Norman-Roberts type)	OMIM	lower	
liver	Liver		Liver disease, severe congenital; Liver failure, transient infantile	OMIM	lower	
lodder	Lodder		Lodder-Merla syndrome, type 2, with developmental delay a...; Lodder-Merla syndrome, type 1, with impaired intellectual...	OMIM	cap	
loeys	Loeys		Loeys-Dietz syndrome 4; Loeys-Dietz syndrome 2; Loeys-Dietz syndrome 1	OMIM	cap	
loken	Loken		Senior-Loken syndrome 4; Senior-Loken syndrome 7; Senior-Loken syndrome-1	OMIM	cap	
londe	Londe		Fazio-Londe disease	OMIM	cap	
long	Long		Long-Olsen-Distelmaier syndrome; Long QT syndrome 15; Long QT syndrome 9	OMIM	lower	
longevity	Longevity		Longevity 1; Longevity 2	OMIM	lower	
lopes	Lopes		Lopes-Maciel-Rodan syndrome	OMIM	cap	
low	Low		Low density lipoprotein cholesterol level QTL 1; Low density lipoprotein cholesterol level QTL6; Low density lipoprotein cholesterol level QTL 3	OMIM	lower	
lowe	Lowe		Lowe syndrome	OMIM	cap	
lower	Lower		Lower urinary tract obstruction, congenital	OMIM	cap	
lowry	Lowry		Lowry-Wood syndrome; Coffin-Lowry syndrome	OMIM	cap	
lubinsky	Lubinsky		Keppen-Lubinsky syndrome	OMIM	cap	
lubs	Lubs		Intellectual developmental disorder, X-linked syndromic, ...	OMIM	cap	
lui	Lui		Lui-Jee-Baron syndrome	OMIM	cap	
lujan	Lujan		Lujan-Fryns syndrome	OMIM	cap	
lumbar	Lumbar		Lumbar disc herniation, susceptibility to; Lumbar disc degeneration; Lumbar disc disease, susceptibility to	OMIM	lower	
lumish	Lumish		Luscan-Lumish syndrome	OMIM	cap	
lundborg	Lundborg		Epilepsy, progressive myoclonic 1A (Unverricht and Lundborg)	OMIM	cap	
lung	Lung		Lung cancer, susceptibility to; Lung cancer, protection against; Lung cancer susceptibility 5	OMIM	lower	
luo	Luo		Luo-Schoch-Yamamoto syndrome	OMIM	cap	
lupski	Lupski		Yuan-Harel-Lupski syndrome; Potocki-Lupski syndrome	OMIM	cap	
lupus	Lupus		Lupus nephritis, susceptibility to	OMIM	lower	
luria	Luria		O'Donnell-Luria-Rodan syndrome	OMIM	cap	
luscan	Luscan		Luscan-Lumish syndrome	OMIM	cap	
luteinizing	Luteinizing		Luteinizing hormone resistance, female	OMIM	lower	
lutheran	Lutheran		Blood group--Lutheran inhibitor; Blood group, Lutheran system; Blood group, Lutheran null	OMIM	cap	
lymphangioleiomyomatosis	Lymphangioleiomyomatosis		Lymphangioleiomyomatosis; Lymphangioleiomyomatosis, somatic	OMIM	lower	
lymphatic	Lymphatic		Lymphatic malformation 11; Lymphatic malformation 3; Lymphatic malformation 8	OMIM	lower	
lymphedema	Lymphedema		Lymphedema-distichiasis syndrome; Lymphedema-distichiasis syndrome with renal disease and d...	OMIM	lower	
lymphoma	Lymphoma		Lymphoma, non-Hodgkin, somatic; Lymphoma, follicular, somatic; Lymphoma, MALT, somatic	OMIM	lower	
lymphoproliferative	Lymphoproliferative		Lymphoproliferative syndrome 1; Lymphoproliferative syndrome 2; Lymphoproliferative syndrome 3	OMIM	lower	
lynch	Lynch		Lynch syndrome 8; Lynch syndrome 1; Lynch syndrome 5	OMIM	cap	
lysinuric	Lysinuric		Lysinuric protein intolerance	OMIM	lower	
lysis	Lysis		Lysis by alloreactive natural killer cells, susceptibilit...	OMIM	lower	
lysosomal	Lysosomal		Lysosomal acid phosphatase deficiency	OMIM	lower	
maawali	Maawali		Tayoun-Maawali syndrome	OMIM	cap	
mabille	Mabille		Nivelon-Nivelon-Mabille syndrome	OMIM	cap	
machado	Machado		Machado-Joseph disease	OMIM	cap	
maciel	Maciel		Lopes-Maciel-Rodan syndrome	OMIM	cap	
macken	Macken		Baralle-Macken syndrome	OMIM	cap	
macklin	Macklin		Ichthyosis histrix, Curth-Macklin type	OMIM	cap	
macrocephaly	Macrocephaly		Macrocephaly/megalencephaly syndrome, autosomal recessive; Macrocephaly, acquired, with impaired intellectual develo...; Macrocephaly/autism syndrome	OMIM	lower	
macrodactyly	Macrodactyly		Macrodactyly, somatic	OMIM	lower	
macroglobulinemia	Macroglobulinemia		Macroglobulinemia, Waldenstrom, somatic; Macroglobulinemia, Waldenstrom, susceptibility to, 2	OMIM	lower	
macrophthalmia	Macrophthalmia		Macrophthalmia, colobomatous, with microcornea	OMIM	lower	
macrostomia	Macrostomia		Macrostomia	OMIM	lower	
macrothrombocytopenia	Macrothrombocytopenia		Macrothrombocytopenia, isolated, 1, autosomal dominant; Macrothrombocytopenia, isolated, 2, autosomal dominant; Macrothrombocytopenia and granulocyte inclusions with or ...	OMIM	lower	
macular	Macular		Macular degeneration, age-related, 2; Macular degeneration, age-related, 1; Macular degeneration, age-related, 4	OMIM	lower	
magenis	Magenis		Smith-Magenis syndrome	OMIM	cap	
mahvash	Mahvash		Mahvash disease	OMIM	cap	
majeed	Majeed		Majeed syndrome	OMIM	cap	
majewski	Majewski		Lenz-Majewski hyperostotic dwarfism	OMIM	cap	
major	Major		Major affective disorder 5; Major depressive disorder and accelerated response to ant...; Major affective disorder 6	OMIM	lower	
malan	Malan		Malan syndrome	OMIM	cap	
malaria	Malaria		Malaria, vivax, protection against; Malaria, severe, susceptibility to; Malaria, resistance to	OMIM	lower	
maldergem	Maldergem		Van Maldergem syndrome 2; Van Maldergem syndrome 1	OMIM	cap	
male	Male		Male germ cell tumor, somatic	OMIM	lower	
maleylacetoacetate	Maleylacetoacetate		Maleylacetoacetate isomerase deficiency	OMIM	lower	
malicdan	Malicdan		Morimoto-Ryu-Malicdan neuromuscular syndrome	OMIM	cap	
malignant	Malignant		Malignant hyperthermia susceptibility 5; Malignant hyperthermia susceptibility 4; Malignant hyperthermia susceptibility 6	OMIM	lower	
malonyl	Malonyl		Malonyl-CoA decarboxylase deficiency	OMIM	lower	
malt	MALT		Lymphoma, MALT, somatic	OMIM	cap	
mammary	Mammary		Mammary-digital-nail syndrome	OMIM	lower	
mandibular	Mandibular		Mandibular hypoplasia, deafness, progeroid features, and ...	OMIM	lower	
mandibuloacral	Mandibuloacral		Mandibuloacral dysplasia with type B lipodystrophy; Mandibuloacral dysplasia; Mandibuloacral dysplasia progeroid syndrome	OMIM	lower	
mandibulofacial	Mandibulofacial		Mandibulofacial dysostosis with alopecia; Mandibulofacial dysostosis, Guion-Almeida type	OMIM	lower	
manitoba	Manitoba		Manitoba oculotrichoanal syndrome	OMIM	cap	
mannosidosis	Mannosidosis		Mannosidosis, beta; Mannosidosis, alpha-, types I and II	OMIM	lower	
manzke	Manzke		Catel-Manzke syndrome	OMIM	cap	
mapbp	MAPBP		Immunodeficiency due to defect in MAPBP-interacting protein	OMIM	cap	
maple	Maple		Maple syrup urine disease, type II; Maple syrup urine disease, mild variant; Maple syrup urine disease, type Ib	OMIM	lower	
marbach	Marbach		Marbach-Rustad progeroid syndrome; Marbach-Schaaf neurodevelopmental syndrome	OMIM	cap	
marchesani	Marchesani		Weill-Marchesani syndrome 3, recessive; Weill-Marchesani syndrome 2, dominant; Weill-Marchesani 4 syndrome, recessive	OMIM	cap	
marden	Marden		Marden-Walker syndrome	OMIM	cap	
marfan	Marfan		Marfan lipodystrophy syndrome; Marfan syndrome	OMIM	cap	
marie	Marie		Charcot-Marie-Tooth disease, recessive intermediate C; Charcot-Marie-Tooth disease, type 2A1; Charcot-Marie-Tooth disease, axonal, type 2A2A	OMIM	cap	
marinesco	Marinesco		Marinesco-Sjogren syndrome	OMIM	cap	
maroofian	Maroofian		Hengel-Maroofian-Schols syndrome	OMIM	cap	
maroteaux	Maroteaux		Mucopolysaccharidosis type VI (Maroteaux-Lamy); Acromesomelic dysplasia 1, Maroteaux type; SED, Maroteaux type	OMIM	cap	
marshall	Marshall		Marshall syndrome; Marshall-Smith syndrome	OMIM	cap	
marsili	Marsili		Marsili syndrome	OMIM	cap	
martin	Martin		Martin-Probst syndrome	OMIM	cap	
martinez	Martinez		Mullegama-Klein-Martinez syndrome	OMIM	cap	
martsolf	Martsolf		Martsolf syndrome 1; Martsolf syndrome 2	OMIM	cap	
masa	MASA		MASA syndrome	OMIM	cap	
masp	MASP		MASP2 deficiency	OMIM	cap	
mass	MASS		MASS syndrome	OMIM	cap	may need to allow lowercase = common word; not yet aware of any common use
masson	Masson		Kaya-Barakat-Masson syndrome	OMIM	cap	
mast	Mast		Mast syndrome	OMIM	lower	
mastocytosis	Mastocytosis		Mastocytosis, cutaneous; Mastocytosis, systemic, somatic	OMIM	lower	
matsumoto	Matsumoto		Imagawa-Matsumoto syndrome	OMIM	cap	
maturity	Maturity		Maturity-onset diabetes of the young, type VII; Maturity-onset diabetes of the young 6; Maturity-onset diabetes of the young, type 14	OMIM	lower	
mccort	McCort		Smith-McCort dysplasia 2; Smith-McCort dysplasia	OMIM	cap	
mccullough	McCullough		Chudley-McCullough syndrome	OMIM	cap	
mccune	McCune		McCune-Albright syndrome, somatic mosaic	OMIM	cap	
mcdermid	McDermid		Phelan-McDermid syndrome	OMIM	cap	
mcfarlane	McFarlane		Oliver-McFarlane syndrome	OMIM	cap	
mckeown	McKeown		Burn-McKeown syndrome	OMIM	cap	
mckusick	McKusick		McKusick-Kaufman syndrome	OMIM	cap	
mcleod	McLeod		McLeod syndrome	OMIM	cap	
mcneill	McNeill		Delpire-McNeill syndrome	OMIM	cap	
meacham	Meacham		Meacham syndrome	OMIM	cap	
mean	Mean		Mean platelet volume QTL2; Mean platelet volume QTL4; Mean platelet volume QTL5	OMIM	lower	
meckel	Meckel		Meckel syndrome 12; Meckel syndrome 7; Meckel syndrome 6	OMIM	cap	
meconium	Meconium		Meconium ileus; Meconium ileus in cystic fibrosis, susceptibility to	OMIM	lower	
mediterranean	Mediterranean		Familial Mediterranean fever, AR; Familial Mediterranean fever, AD	OMIM	cap	
mednik	MEDNIK		MEDNIK syndrome	OMIM	cap	
medullary	Medullary		Medullary thyroid carcinoma	OMIM	lower	
medulloblastoma	Medulloblastoma		Medulloblastoma, somatic; Medulloblastoma predisposition syndrome; Medulloblastoma	OMIM	lower	
meesmann	Meesmann		Meesmann corneal dystrophy 2; Meesmann corneal dystrophy 1	OMIM	cap	
meester	Meester		Meester-Loeys syndrome	OMIM	cap	
mega	Mega		Mega-corpus-callosum syndrome with cerebellar hypoplasia ...	OMIM	lower	
megabladder	Megabladder		Megabladder, congenital	OMIM	lower	
megacystis	Megacystis		Megacystis-microcolon-intestinal hypoperistalsis syndrome 3; Megacystis-microcolon-intestinal hypoperistalsis syndrome 5; Megacystis-microcolon-intestinal hypoperistalsis syndrome 1	OMIM	lower	
megalencephalic	Megalencephalic		Megalencephalic leukoencephalopathy with subcortical cyst...; Megalencephalic leukoencephalopathy with subcortical cyst...; Megalencephalic leukoencephalopathy with subcortical cysts 3	OMIM	lower	
megalencephaly	Megalencephaly		Megalencephaly-polymicrogyria-polydactyly-hydrocephalus s...; Megalencephaly-polydactyly syndrome; Megalencephaly-capillary malformation-polymicrogyria synd...	OMIM	lower	
megaloblastic	Megaloblastic		Megaloblastic anemia due to dihydrofolate reductase defic...; Megaloblastic anemia, folate-responsive	OMIM	lower	
megalocornea	Megalocornea		Megalocornea 1, X-linked	OMIM	lower	
megarbane	Megarbane		Spondylometaphyseal dysplasia, Megarbane-Dagher-Melike type	OMIM	cap	
mehmo	MEHMO		MEHMO syndrome	OMIM	cap	
meier	Meier		Meier-Gorlin syndrome 1; Meier-Gorlin syndrome 2; Meier-Gorlin syndrome 6	OMIM	cap	
melanocytic	Melanocytic		Melanocytic nevus syndrome, congenital, somatic	OMIM	lower	
melanoma	Melanoma		Melanoma, cutaneous malignant, 1; Melanoma, cutaneous malignant, 4; Melanoma, cutaneous malignant, susceptibility to, 8	OMIM	lower	
melchior	Melchior		Dyggve-Melchior-Clausen disease	OMIM	cap	
meleda	Meleda		Meleda disease	OMIM	cap	
melioidosis	Melioidosis		Melioidosis, susceptibility to	OMIM	lower	
melkersson	Melkersson		Melkersson-Rosenthal syndrome	OMIM	cap	
melnick	Melnick		Melnick-Needles syndrome	OMIM	cap	
melorheostosis	Melorheostosis		Melorheostosis, isolated, somatic mosaic	OMIM	lower	
membranous	Membranous		?Membranous nephropathy, susceptibility to	OMIM	lower	
memory	Memory		Memory, enhanced, QTL	OMIM	lower	
menarche	Menarche		Menarche, age at, QTL2; Menarche, age at, QTL3; Menarche, age at, QTL	OMIM	lower	
mend	MEND		MEND syndrome	OMIM	cap	
meningioma	Meningioma		Meningioma, radiation-induced; Meningioma; Meningioma, familial, susceptibility to	OMIM	lower	
menke	Menke		Menke-Hennekam syndrome 1; Menke-Hennekam syndrome 2	OMIM	cap	
menkes	Menkes		Menkes disease	OMIM	cap	
menopause	Menopause		Menopause, natural, age at, QTL4; Menopause, natural, age at, QTL2; Menopause, natural, age at, QTL1	OMIM	lower	
mental	Mental		Mental health wellness-1; Mental health wellness-2	OMIM	lower	
merla	Merla		Lodder-Merla syndrome, type 2, with developmental delay a...; Lodder-Merla syndrome, type 1, with impaired intellectual...	OMIM	cap	
merten	Merten		Singleton-Merten syndrome 1; Singleton-Merten syndrome 2	OMIM	cap	
merzbacher	Merzbacher		Pelizaeus-Merzbacher disease	OMIM	cap	
mesomelia	Mesomelia		Mesomelia-synostoses syndrome	OMIM	lower	
mesomelic	Mesomelic		Mesomelic dysplasia, Kantaputra type	OMIM	lower	
mesothelioma	Mesothelioma		Mesothelioma, somatic	OMIM	lower	
metabolic	Metabolic		Metabolic crises, recurrent, with variable encephalomyopa...; Metabolic encephalomyopathic crises, recurrent, with rhab...	OMIM	lower	
metacarpal	Metacarpal		Metacarpal 4-5 fusion	OMIM	lower	
metachondromatosis	Metachondromatosis		Metachondromatosis	OMIM	lower	
metachromatic	Metachromatic		Metachromatic leukodystrophy due to SAP-b deficiency; Metachromatic leukodystrophy	OMIM	lower	
metaphyseal	Metaphyseal		Metaphyseal chondrodysplasia, Murk Jansen type; Metaphyseal dysplasia with maxillary hypoplasia with or w...; Metaphyseal chondrodysplasia, Schmid type	OMIM	lower	
metatropic	Metatropic		Metatropic dysplasia	OMIM	lower	
methemoglobinemia	Methemoglobinemia		Methemoglobinemia, beta type; Methemoglobinemia, alpha type; Methemoglobinemia and ambiguous genitalia	OMIM	lower	
methionine	Methionine		Methionine adenosyltransferase deficiency, autosomal rece...	OMIM	lower	
methylcrotonyl	Methylcrotonyl		3-Methylcrotonyl-CoA carboxylase 1 deficiency; 3-Methylcrotonyl-CoA carboxylase 2 deficiency	OMIM	lower	
methylmalonate	Methylmalonate		Methylmalonate semialdehyde dehydrogenase deficiency	OMIM	lower	
methylmalonic	Methylmalonic		Methylmalonic aciduria and homocystinuria, cblC type; Methylmalonic aciduria and homocystinuria, cblC type, dig...; Methylmalonic aciduria and homocystinuria, cblD type	OMIM	lower	
methylmalonyl	Methylmalonyl		Methylmalonyl-CoA epimerase deficiency	OMIM	lower	
mevalonic	Mevalonic		Mevalonic aciduria	OMIM	lower	
mhc	MHC		MHC class II deficiency 5; MHC class II deficiency 3; MHC class I deficiency 2	OMIM	cap	
microangiopathy	Microangiopathy		Microangiopathy and leukoencephalopathy, pontine, autosom...	OMIM	lower	
microcephalic	Microcephalic		Microcephalic osteodysplastic primordial dwarfism, type I; Microcephalic osteodysplastic primordial dwarfism, type II	OMIM	lower	
microcephaly	Microcephaly		Microcephaly 7, primary, autosomal recessive; Microcephaly 14, primary, autosomal recessive; Microcephaly 5, primary, autosomal recessive	OMIM	lower	
microcoria	Microcoria		Microcoria, congenital	OMIM	lower	
microcornea	Microcornea		Microcornea, rod-cone dystrophy, cataract, and posterior ...; Microcornea, rod-cone dystrophy, cataract, and posterior ...; Microcornea, myopic chorioretinal atrophy, and telecanthus	OMIM	lower	
microhydranencephaly	Microhydranencephaly		Microhydranencephaly	OMIM	lower	
microphthalmia	Microphthalmia		Microphthalmia/coloboma 11; Microphthalmia/coloboma 13; Microphthalmia/coloboma 7	OMIM	lower	
microspherophakia	Microspherophakia		Microspherophakia and/or megalocornea, with ectopia lenti...	OMIM	lower	
microtia	Microtia		Microtia with nasolacrimal duct imperforation and eye col...; Microtia with or without hearing impairment (AD); Microtia, hearing impairment, and cleft palate (AR)	OMIM	lower	
microvascular	Microvascular		Microvascular complications of diabetes 4; Microvascular complications of diabetes, susceptibility t...; Microvascular complications of diabetes 1	OMIM	lower	
midface	Midface		Midface hypoplasia, hearing impairment, elliptocytosis, a...	OMIM	lower	
mignot	Mignot		Parenti-Mignot neurodevelopmental syndrome	OMIM	cap	
migraine	Migraine		Migraine, familial basilar; Migraine, familial hemiplegic, 2; Migraine with or without aura, susceptibility to, 6	OMIM	lower	
miller	Miller		Miller syndrome; Miller-Dieker lissencephaly syndrome	OMIM	cap	
milton	Milton		Blood group, John-Milton-Hagen system	OMIM	cap	
mims	Mims		Schimmelpenning-Feuerstein-Mims syndrome, somatic mosaic	OMIM	cap	
miozzo	Miozzo		Paganini-Miozzo syndrome	OMIM	cap	
mirage	MIRAGE		MIRAGE syndrome	OMIM	cap	
mirror	Mirror		Mirror movements 2; Mirror movements 4; Mirror movements 1 and/or agenesis of the corpus callosum	OMIM	lower	
mishra	Mishra		Garg-Mishra progeroid syndrome	OMIM	cap	
mismatch	Mismatch		Mismatch repair cancer syndrome 2; Mismatch repair cancer syndrome 3; Mismatch repair cancer syndrome 1	OMIM	lower	
missouri	Missouri		Spondyloepimetaphyseal dysplasia, Missouri type	OMIM	cap	
mitchell	Mitchell		Mitchell-Riley syndrome; Mitchell syndrome	OMIM	cap	
mitochondrial	Mitochondrial		Mitochondrial complex II deficiency, nuclear type 4; Mitochondrial complex III deficiency, nuclear type 11; Mitochondrial complex I deficiency, nuclear type 6	OMIM	lower	
mitral	Mitral		Mitral valve prolapse 2; Mitral valve prolapse 3; Mitral valve prolapse, myxomatous 1	OMIM	lower	
miura	Miura		Epiphyseal chondrodysplasia, Miura type	OMIM	cap	
miyake	Miyake		Li-Takada-Miyake syndrome	OMIM	cap	
miyoshi	Miyoshi		Miyoshi muscular dystrophy 1; Miyoshi muscular dystrophy 2; Miyoshi muscular dystrophy 3	OMIM	cap	
mngie	MNGIE		Mitochondrial DNA depletion syndrome 8B (MNGIE type); Mitochondrial DNA depletion syndrome 4B (MNGIE type); Mitochondrial DNA depletion syndrome 20 (MNGIE type)	OMIM	cap	
moebius	Moebius		Moebius syndrome	OMIM	cap	
mohr	Mohr		Mohr-Tranebjaerg syndrome	OMIM	cap	
molybdenum	Molybdenum		Molybdenum cofactor deficiency B1; Molybdenum cofactor deficiency A; Molybdenum cofactor deficiency C	OMIM	lower	
monilethrix	Monilethrix		Monilethrix 1; Monilethrix 2; Monilethrix 3	OMIM	lower	
monocarboxylate	Monocarboxylate		Monocarboxylate transporter 1 deficiency	OMIM	lower	
mononeuropathy	Mononeuropathy		Mononeuropathy of the median nerve, mild	OMIM	lower	
monosomy	Monosomy		Monosomy 7 myelodysplasia and leukemia syndrome 2; Monosomy 7 myelodysplasia and leukemia syndrome 1	OMIM	lower	
moon	Moon		Laurence-Moon syndrome	OMIM	cap	
morbid	Morbid		Morbid obesity and spermatogenic failure	OMIM	lower	
morimoto	Morimoto		Morimoto-Ryu-Malicdan neuromuscular syndrome	OMIM	cap	
morquio	Morquio		Mucopolysaccharidosis type IVB (Morquio)	OMIM	cap	
mortier	Mortier		Boudin-Mortier syndrome	OMIM	cap	
mosaic	Mosaic		Mosaic variegated aneuploidy syndrome 3; Mosaic variegated aneuploidy syndrome 7 with inflammation...; Mosaic variegated aneuploidy syndrome 2	OMIM	lower	
mowat	Mowat		Galloway-Mowat syndrome 10; Galloway-Mowat syndrome 8; Galloway-Mowat syndrome 5	OMIM	cap	
moyamoya	Moyamoya		Moyamoya disease; Moyamoya 6 with achalasia; Moyamoya disease 8	OMIM	cap	
muckle	Muckle		Muckle-Wells syndrome	OMIM	cap	
mucoepithelial	Mucoepithelial		Mucoepithelial dysplasia, hereditary	OMIM	lower	
mucolipidosis	Mucolipidosis		Mucolipidosis III alpha/beta; Mucolipidosis II alpha/beta; Mucolipidosis III gamma	OMIM	lower	
mucopolysaccharidosis	Mucopolysaccharidosis		Mucopolysaccharidosis type IVB (Morquio); Mucopolysaccharidosis type IX; Mucopolysaccharidosis Is	OMIM	lower	
muenke	Muenke		Muenke syndrome	OMIM	cap	
muggenthaler	Muggenthaler		Muggenthaler-Chowdhury-Chioza syndrome	OMIM	cap	
muir	Muir		Muir-Torre syndrome	OMIM	cap	
mulchandani	Mulchandani		Mulchandani-Bhoj-Conlin syndrome	OMIM	cap	
mulibrey	Mulibrey		Mulibrey nanism	OMIM	cap	
mullegama	Mullegama		Mullegama-Klein-Martinez syndrome	OMIM	cap	
mullerian	Mullerian		Mullerian aplasia and hyperandrogenism; Persistent Mullerian duct syndrome, type II; Persistent Mullerian duct syndrome, type I	OMIM	cap	
multicentric	Multicentric		Multicentric osteolysis, nodulosis, and arthropathy; Multicentric carpotarsal osteolysis syndrome	OMIM	lower	
multinucleated	Multinucleated		Multinucleated neurons, anhydramnios, renal dysplasia, ce...	OMIM	lower	
multiple	Multiple		Multiple sclerosis, susceptibility to, 4; Multiple mitochondrial dysfunctions syndrome 3; Multiple mitochondrial dysfunctions syndrome 1	OMIM	lower	
mungan	Mungan		Mungan syndrome	OMIM	cap	
munk	Munk		Haim-Munk syndrome	OMIM	cap	
muscle	Muscle		Muscle hypertrophy; Muscle strength quantitative trait locus 1; Muscle glycogenosis	OMIM	lower	
muscular	Muscular		Muscular dystrophy-dystroglycanopathy (limb-girdle), type...; Muscular dystrophy-dystroglycanopathy (congenital with im...; Muscular dystrophy-dystroglycanopathy (congenital with br...	OMIM	lower	
musical	Musical		Musical aptitude QTL 1	OMIM	lower	
myasthenia	Myasthenia		Myasthenia, congenital, 12, with tubular aggregates; Myasthenia gravis with thymus hyperplasia	OMIM	lower	
myasthenic	Myasthenic		Myasthenic syndrome, congenital, 8, with pre- and postsyn...; Myasthenic syndrome, congenital, 15, without tubular aggr...; Myasthenic syndrome, congenital, 7A, presynaptic, and dis...	OMIM	lower	
mycobacterium	Mycobacterium		Mycobacterium tuberculosis, susceptibility to infection by; Mycobacterium tuberculosis, susceptibility to; Mycobacterium tuberculosis, protection against	OMIM	lower	
myelodysplastic	Myelodysplastic		Myelodysplastic syndrome, somatic; Myelodysplastic syndrome, susceptibility to	OMIM	lower	
myelofibrosis	Myelofibrosis		Myelofibrosis with myeloid metaplasia, somatic; Myelofibrosis, congenital, with anemia, neutropenia, deve...; Myelofibrosis, somatic	OMIM	lower	
myeloperoxidase	Myeloperoxidase		Myeloperoxidase deficiency	OMIM	lower	
myeloproliferative	Myeloproliferative		Myeloproliferative disorder, chronic, with eosinophilia; Myeloproliferative/lymphoproliferative neoplasms, familia...; Myeloproliferative disorder	OMIM	lower	
myhre	Myhre		Myhre syndrome	OMIM	cap	
myocardial	Myocardial		Myocardial infarction, susceptibility to; Myocardial infarction, protection against; Myocardial infarction, susceptibility to, 2	OMIM	lower	
myoclonic	Myoclonic		Myoclonic-atonic epilepsy; Myoclonic epilepsy, juvenile, 4; Myoclonic epilepsy of Lafora 2	OMIM	lower	
myoclonus	Myoclonus		Myoclonus, familial, 2; Myoclonus, intractable, neonatal; Myoclonus, familial, 1	OMIM	lower	
myoectodermal	Myoectodermal		Myoectodermal gonadal dysgenesis syndrome	OMIM	lower	
myofibrillar	Myofibrillar		Myofibrillar myopathy 10; Myofibrillar myopathy 11	OMIM	lower	
myofibromatosis	Myofibromatosis		Myofibromatosis, infantile, 1; Myofibromatosis, infantile 2	OMIM	lower	
myoglobinuria	Myoglobinuria		Myoglobinuria, acute recurrent, autosomal recessive	OMIM	lower	
myopathy	Myopathy		Myopathy, epilepsy, and progressive cerebral atrophy; Myopathy due to myoadenylate deaminase deficiency; Myopathy, mitochondrial, and ataxia	OMIM	lower	
myopia	Myopia		Myopia 14; Myopia 21, autosomal dominant; Myopia 28, autosomal recessive	OMIM	lower	
myosclerosis	Myosclerosis		Myosclerosis, congenital	OMIM	lower	
myotonia	Myotonia		Myotonia congenita, recessive; Myotonia congenita, dominant; Myotonia levior	OMIM	lower	
myotonic	Myotonic		Myotonic dystrophy 2; Myotonic dystrophy 1	OMIM	lower	
myxoid	Myxoid		Myxoid liposarcoma	OMIM	lower	
myxoma	Myxoma		Myxoma, intracardiac	OMIM	lower	
nabais	Nabais		Nabais Sa-de Vries syndrome, type 1; Nabais Sa-de Vries syndrome, type 2	OMIM	cap	
nablus	Nablus		Nablus mask-like facial syndrome	OMIM	cap	
naegeli	Naegeli		Naegeli-Franceschetti-Jadassohn syndrome	OMIM	cap	
nagashima	Nagashima		Palmoplantar keratoderma, Nagashima type	OMIM	cap	
nager	Nager		Acrofacial dysostosis 1, Nager type	OMIM	cap	
nail	Nail		Nail disorder, nonsyndromic congenital, 3, (leukonychia); Nail disorder, nonsyndromic congenital, 8; Nail disorder, nonsyndromic congenital, 1	OMIM	lower	
najjar	Najjar		Crigler-Najjar syndrome, type I; Crigler-Najjar syndrome, type II	OMIM	cap	
nance	Nance		Nance-Horan syndrome	OMIM	cap	
nanophthalmos	Nanophthalmos		Nanophthalmos 3; Nanophthalmos 1; Nanophthalmos 2	OMIM	lower	
narcolepsy	Narcolepsy		Narcolepsy 2; Narcolepsy 7; Narcolepsy 5	OMIM	lower	
nascimento	Nascimento		Intellectual developmental disorder, X-linked syndromic, ...	OMIM	cap	
nasopharyngeal	Nasopharyngeal		Nasopharyngeal carcinoma, susceptibility to, 3; Nasopharyngeal carcinoma 1; Nasopharyngeal carcinoma, susceptibility to, 2	OMIM	lower	
naxos	Naxos		Naxos disease	OMIM	cap	
naz	Naz		Rhizomelic dysplasia, Ain-Naz type; Dysostosis multiplex, Ain-Naz type	OMIM	cap	
needles	Needles		Melnick-Needles syndrome	OMIM	lower	common word, handle deviations with pattern
nemaline	Nemaline		Nemaline myopathy 2, autosomal recessive; Nemaline myopathy 9; Nemaline myopathy 8, autosomal recessive	OMIM	lower	
neonatal	Neonatal		Neonatal nephrocutaneous inflammatory syndrome	OMIM	lower	
nephrogenic	Nephrogenic		Nephrogenic syndrome of inappropriate antidiuresis	OMIM	lower	
nephrolithiasis	Nephrolithiasis		Nephrolithiasis, calcium oxalate, 1; Nephrolithiasis/osteoporosis, hypophosphatemic, 1; Nephrolithiasis, uric acid, susceptibility to	OMIM	lower	
nephronophthisis	Nephronophthisis		Nephronophthisis 4; Nephronophthisis-like nephropathy 2; Nephronophthisis 1, juvenile	OMIM	lower	
nephropathy	Nephropathy		Nephropathy-hypertension; Nephropathy due to CFHR5 deficiency; Nephropathy, progressive, with deafness	OMIM	lower	
nephrotic	Nephrotic		Nephrotic syndrome, type 23; Nephrotic syndrome, type 22; Nephrotic syndrome, type 2	OMIM	lower	
nescav	NESCAV		NESCAV syndrome	OMIM	cap	
nestor	Nestor		Nestor-Guillermo progeria syndrome	OMIM	cap	
netherton	Netherton		Netherton syndrome	OMIM	cap	
neu	Neu		Neu-Laxova syndrome 1; Hiatt-Neu-Cooper neurodevelopmental syndrome; Neu-Laxova syndrome 2	OMIM	cap	
neuhauser	Neuhauser		Boucher-Neuhauser syndrome	OMIM	cap	
neural	Neural		Neural tube defects, susceptibility to; Neural tube defects; Neural tube defects, folate-sensitive, susceptibility to	OMIM	lower	
neuroblastoma	Neuroblastoma		Neuroblastoma, susceptibility to, 1; Neuroblastoma, susceptibility to, 6; Neuroblastoma, susceptibility to, 3	OMIM	lower	
neurocardiofaciodigital	Neurocardiofaciodigital		Neurocardiofaciodigital syndrome	OMIM	lower	
neurocardiorenal	Neurocardiorenal		Neurocardiorenal malformation syndrome	OMIM	lower	
neurocutaneous	Neurocutaneous		Neurocutaneous melanosis, somatic	OMIM	lower	
neurodegeneration	Neurodegeneration		Neurodegeneration, childhood-onset, stress-induced, with ...; Neurodegeneration, childhood-onset, with progressive micr...; Neurodegeneration, childhood-onset, with multisystem invo...	OMIM	lower	
neurodegenerative	Neurodegenerative		Neurodegenerative disorder with cerebellar and caudate at...; Neurodegenerative disorder, X-linked, female-restricted, ...	OMIM	lower	
neurodevelopmental	Neurodevelopmental		Neurodevelopmental disorder with motor and language delay...; Neurodevelopmental disorder with or without anomalies of ...; Neurodevelopmental disorder with dysmorphic facies and sk...	OMIM	lower	
neurofacioskeletal	Neurofacioskeletal		Neurofacioskeletal syndrome with or without renal agenesis	OMIM	lower	
neurofibromatosis	Neurofibromatosis		Neurofibromatosis, familial spinal; Neurofibromatosis, type 1; Neurofibromatosis-Noonan syndrome	OMIM	lower	
neuromuscular	Neuromuscular		Neuromuscular disease and ocular or auditory anomalies wi...; Neuromuscular disorder, congenital, with dysmorphic facies	OMIM	lower	
neuromyotonia	Neuromyotonia		Neuromyotonia and axonal neuropathy, autosomal recessive	OMIM	lower	
neuronal	Neuronal		Neuronal intranuclear inclusion disease	OMIM	lower	
neuronopathy	Neuronopathy		Neuronopathy, distal hereditary motor, autosomal recessive 7; Neuronopathy, distal hereditary motor, autosomal recessive 4; Neuronopathy, distal hereditary motor, autosomal dominant 10	OMIM	lower	
neuroocular	Neuroocular		Neuroocular syndrome 2, paroxysmal type; Neuroocular syndrome	OMIM	lower	
neurooculocardiogenitourinary	Neurooculocardiogenitourinary		Neurooculocardiogenitourinary syndrome	OMIM	lower	
neurooculorenal	Neurooculorenal		Neurooculorenal syndrome	OMIM	lower	
neuropathy	Neuropathy		Neuropathy, hereditary sensory and autonomic, type V; Neuropathy, hereditary sensory and autonomic, type IID; Neuropathy, hereditary sensory, type IIC	OMIM	lower	
neutral	Neutral		Neutral lipid storage disease with myopathy	OMIM	lower	
neutropenia	Neutropenia		Neutropenia, severe congenital, 7, autosomal recessive; Neutropenia, nonimmune chronic idiopathic, of adults; Neutropenia, severe congenital 2, autosomal dominant	OMIM	lower	
neutrophilia	Neutrophilia		Neutrophilia, hereditary	OMIM	lower	
neutrophilic	Neutrophilic		Neutrophilic dermatosis, acute febrile	OMIM	lower	
nevus	Nevus		Nevus, epidermal, somatic mosaic; Nevus, epidermal, somatic; Nevus sebaceous or woolly hair nevus, somatic	OMIM	lower	
newfoundland	Newfoundland		Newfoundland rod-cone dystrophy	OMIM	cap	
nfkb	NFKB		B-cell expansion with NFKB and T-cell anergy	OMIM	cap	
nicolaides	Nicolaides		Nicolaides-Baraitser syndrome	OMIM	cap	
nielsen	Nielsen		Jervell and Lange-Nielsen syndrome; Jervell and Lange-Nielsen syndrome 2	OMIM	cap	
niemann	Niemann		Niemann-Pick disease, type B; Niemann-Pick disease, type A; Niemann-pick disease, type C2	OMIM	cap	
night	Night		Night blindness, congenital stationary, autosomal dominant 3; Night blindness, congenital stationary, type 1G; Night blindness, congenital stationary, autosomal dominant 1	OMIM	lower	
nijmegen	Nijmegen		Nijmegen breakage syndrome-like disorder; Nijmegen breakage syndrome	OMIM	cap	
nil	Nil		Nil-Deshwar neurodevelopmental syndrome	OMIM	cap	
nishimura	Nishimura		Gillessen-Kaesbach-Nishimura syndrome; Spondyloepiphyseal dysplasia, Nishimura type	OMIM	cap	
nivelon	Nivelon		Nivelon-Nivelon-Mabille syndrome	OMIM	cap	
nizon	Nizon		Nizon-Isidor syndrome	OMIM	cap	
nonaka	Nonaka		Nonaka myopathy	OMIM	cap	
nonarteritic	Nonarteritic		Nonarteritic anterior ischemic optic neuropathy, suscepti...	OMIM	lower	
noonan	Noonan		Noonan syndrome 6; Noonan syndrome 8; Noonan syndrome-like disorder with loose anagen hair 2	OMIM	cap	
norrie	Norrie		Norrie disease	OMIM	cap	
north	North		North American Indian childhood cirrhosis	OMIM	cap	
northern	Northern		Ceroid lipofuscinosis, neuronal, 8, Northern epilepsy var...	OMIM	lower	common word, handle deviations with pattern
novelli	Novelli		Dentici-Novelli neurodevelopmental syndrome	OMIM	cap	
nyhan	Nyhan		Lesch-Nyhan syndrome	OMIM	cap	
nystagmus	Nystagmus		Nystagmus 7, congenital, autosomal dominant; Nystagmus 8, congenital, autosomal recessive; Nystagmus 2, congenital, autosomal dominant	OMIM	lower	
obesity	Obesity		Obesity, mild, early-onset; Obesity, association with; Obesity, morbid, due to leptin receptor deficiency	OMIM	lower	
obsessive	Obsessive		Obsessive-compulsive disorder, susceptibility to; Obsessive-compulsive disorder	OMIM	lower	
occipital	Occipital		Occipital horn syndrome	OMIM	lower	
occult	Occult		Occult macular dystrophy	OMIM	lower	
ocular	Ocular		Ocular pterygium-digital keloid dysplasia syndrome; Ocular pigment dispersion with or without glaucoma; Ocular albinism with sensorineural deafness	OMIM	lower	
oculoauricular	Oculoauricular		Oculoauricular syndrome	OMIM	lower	
oculocutaneous	Oculocutaneous		Oculocutaneous albinism, type VIII	OMIM	lower	
oculodentodigital	Oculodentodigital		Oculodentodigital dysplasia; Oculodentodigital dysplasia, autosomal recessive	OMIM	lower	
oculoectodermal	Oculoectodermal		Oculoectodermal syndrome, somatic	OMIM	lower	
oculogastrointestinal	Oculogastrointestinal		Oculogastrointestinal neurodevelopmental syndrome	OMIM	lower	
oculomotor	Oculomotor		Oculomotor apraxia, congenital, Cogan-type; Oculomotor-abducens synkinesis	OMIM	lower	
oculopharyngeal	Oculopharyngeal		Oculopharyngeal muscular dystrophy 2; Oculopharyngeal myopathy with leukoencephalopathy 1; Oculopharyngeal muscular dystrophy	OMIM	lower	
oculopharyngodistal	Oculopharyngodistal		Oculopharyngodistal myopathy 5; Oculopharyngodistal myopathy 3; Oculopharyngodistal myopathy 1	OMIM	lower	
oculoskeletodental	Oculoskeletodental		Oculoskeletodental syndrome	OMIM	lower	
oculovertebral	Oculovertebral		Oculovertebral syndrome	OMIM	lower	
odontochondrodysplasia	Odontochondrodysplasia		Odontochondrodysplasia 2 with hearing loss and diabetes; Odontochondrodysplasia 1	OMIM	lower	
ogata	Ogata		Kagami-Ogata syndrome	OMIM	cap	
ogden	Ogden		Ogden syndrome	OMIM	cap	
ogna	Ogna		Epidermolysis bullosa simplex 5A, Ogna type	OMIM	cap	
oguchi	Oguchi		Oguchi disease-1; Oguchi disease-2	OMIM	cap	
ohdo	Ohdo		Ohdo syndrome, X-linked	OMIM	cap	
okinawa	Okinawa		Hereditary motor and sensory neuropathy, Okinawa type	OMIM	cap	
okt	OKT		OKT4 epitope deficiency	OMIM	cap	
okur	Okur		Chilton-Okur-Chung neurodevelopmental syndrome; Okur-Chung neurodevelopmental syndrome	OMIM	cap	
oligodontia	Oligodontia		Oligodontia-colorectal cancer syndrome	OMIM	lower	
oliver	Oliver		Adams-Oliver syndrome 4; Adams-Oliver syndrome 1; Adams-Oliver syndrome 3	OMIM	cap	
ollendorff	Ollendorff		Buschke-Ollendorff syndrome	OMIM	cap	
olmsted	Olmsted		Olmsted syndrome 2; Olmsted syndrome 1; Olmsted syndrome, X-linked	OMIM	cap	
olsen	Olsen		Long-Olsen-Distelmaier syndrome	OMIM	cap	
omenn	Omenn		Omenn syndrome	OMIM	cap	
omodysplasia	Omodysplasia		Omodysplasia 1; Omodysplasia 2	OMIM	lower	
omphalocele	Omphalocele		Omphalocele due to duplication of 1p31.3	OMIM	lower	
onychodystrophy	Onychodystrophy		Onychodystrophy, osteodystrophy, impaired intellectual de...	OMIM	lower	
oocyte	Oocyte		Oocyte/zygote/embryo maturation arrest 16; Oocyte/zygote/embryo maturation arrest 14; Oocyte/zygote/embryo maturation arrest 13	OMIM	lower	
ophthalmoplegia	Ophthalmoplegia		Ophthalmoplegia, external, with rib and vertebral anomalies	OMIM	lower	
opioid	Opioid		Opioid dependence, susceptibility to, 1	OMIM	lower	
opitz	Opitz		Smith-Lemli-Opitz syndrome; Bohring-Opitz syndrome; Opitz GBBB syndrome	OMIM	cap	
opsismodysplasia	Opsismodysplasia		Opsismodysplasia	OMIM	lower	
optic	Optic		Optic atrophy 16; Optic nerve hypoplasia and abnormalities of the central n...; Optic atrophy plus syndrome	OMIM	lower	
oram	Oram		Holt-Oram syndrome	OMIM	cap	
ornithine	Ornithine		Ornithine transcarbamylase deficiency	OMIM	lower	
orofacial	Orofacial		Orofacial cleft 13; Orofacial cleft 14; Orofacial cleft 6	OMIM	lower	
orofaciodigital	Orofaciodigital		Orofaciodigital syndrome XIX; Orofaciodigital syndrome V; Orofaciodigital syndrome XVIII	OMIM	lower	
orotic	Orotic		Orotic aciduria	OMIM	lower	
orthostatic	Orthostatic		Orthostatic hypotension 1, due to DBH deficiency; Orthostatic intolerance; Orthostatic hypotension 2	OMIM	lower	
osseous	Osseous		Osseous heteroplasia, progressive	OMIM	lower	
osteoarthritis	Osteoarthritis		Osteoarthritis susceptibility 2; Osteoarthritis susceptibility 1; Osteoarthritis susceptibility 4	OMIM	lower	
osteochondrodysplasia	Osteochondrodysplasia		Osteochondrodysplasia, complex lethal, Symoens-Barnes-Gis...; Osteochondrodysplasia, brachydactyly, and overlapping mal...	OMIM	lower	
osteofibrous	Osteofibrous		Osteofibrous dysplasia, susceptibility to	OMIM	lower	
osteogenesis	Osteogenesis		Osteogenesis imperfecta, type VIII; Osteogenesis imperfecta, type VII; Osteogenesis imperfecta, type XVII	OMIM	lower	
osteoglophonic	Osteoglophonic		Osteoglophonic dysplasia	OMIM	lower	
osteolysis	Osteolysis		Osteolysis, familial expansile	OMIM	lower	
osteootohepatoenteric	Osteootohepatoenteric		Osteootohepatoenteric syndrome	OMIM	lower	
osteopathia	Osteopathia		Osteopathia striata with cranial sclerosis	OMIM	lower	
osteopetrosis	Osteopetrosis		Osteopetrosis, autosomal recessive 5; Osteopetrosis, autosomal recessive 8; Osteopetrosis, autosomal recessive 9	OMIM	lower	
osteopoikilosis	Osteopoikilosis		Osteopoikilosis with or without melorheostosis	OMIM	lower	
osteoporosis	Osteoporosis		Osteoporosis, childhood- or juvenile-onset, with developm...; Osteoporosis, susceptibility to; Osteoporosis, postmenopausal, susceptibility	OMIM	lower	
osteosclerotic	Osteosclerotic		Osteosclerotic metaphyseal dysplasia	OMIM	lower	
otitis	Otitis		Otitis media, susceptibility to	OMIM	lower	
otodental	Otodental		Otodental dysplasia chromosome deletion syndrome	OMIM	lower	
otofacial	Otofacial		Otofacial neurodevelopmental syndrome	OMIM	lower	
otofaciocervical	Otofaciocervical		Otofaciocervical syndrome; Otofaciocervical syndrome 2 with T-cell deficiency	OMIM	lower	
otopalatodigital	Otopalatodigital		Otopalatodigital syndrome, type II; Otopalatodigital syndrome, type I	OMIM	lower	
otosclerosis	Otosclerosis		Otosclerosis 10; Otosclerosis 5; Otosclerosis 3	OMIM	lower	
otospondylomegaepiphyseal	Otospondylomegaepiphyseal		Otospondylomegaepiphyseal dysplasia, autosomal recessive; Otospondylomegaepiphyseal dysplasia, autosomal dominant	OMIM	lower	
ovalocytosis	Ovalocytosis		Ovalocytosis, SA type	OMIM	lower	
ovarian	Ovarian		Ovarian hyperstimulation syndrome; Ovarian dysgenesis 1; Ovarian cancer, susceptibility to	OMIM	lower	
overhydrated	Overhydrated		Overhydrated hereditary stomatocytosis	OMIM	lower	
oxoglutarate	Oxoglutarate		Oxoglutarate dehydrogenase deficiency	OMIM	lower	
ozgul	Ozgul		Dursun-Ozgul neurodevelopmental syndrome	OMIM	cap	
pachygyria	Pachygyria		Pachygyria, microcephaly, developmental delay, and dysmor...	OMIM	lower	
pachyonychia	Pachyonychia		Pachyonychia congenita 4; Pachyonychia congenita 3; Pachyonychia congenita 1	OMIM	lower	
paganini	Paganini		Paganini-Miozzo syndrome	OMIM	cap	
paget	Paget		Paget disease of bone 6; Paget disease of bone 4; Paget disease of bone 3	OMIM	cap	
pagnamenta	Pagnamenta		Spondylometaphyseal dysplasia, Pagnamenta type	OMIM	cap	
pain	Pain		Pain sensitivity QTL1	OMIM	lower	
pallister	Pallister		Pallister-Hall syndrome; Pallister-Hall-like syndrome; Pallister-Killian syndrome	OMIM	cap	
palmoplantar	Palmoplantar		Palmoplantar hyperkeratosis and true hermaphroditism; Palmoplantar hyperkeratosis with squamous cell carcinoma ...; Palmoplantar keratoderma with congenital alopecia	OMIM	lower	
pan	Pan		Pan-Chung-Bellen syndrome	OMIM	cap	
panbronchiolitis	Panbronchiolitis		Panbronchiolitis, diffuse	OMIM	lower	
pancreatic	Pancreatic		?Pancreatic cancer, susceptibility to, 5; Pancreatic cancer, susceptibility to, 1; Pancreatic and cerebellar agenesis	OMIM	lower	
pancreatitis	Pancreatitis		Pancreatitis, chronic, susceptibility to; Pancreatitis, hereditary; Pancreatitis, chronic, protection against	OMIM	lower	
panhypopituitarism	Panhypopituitarism		Panhypopituitarism, X-linked	OMIM	lower	
panic	Panic		Panic disorder 3; Panic disorder 2; Panic disorder syndrome 1	OMIM	lower	
papas	Papas		Popliteal pterygium syndrome, Bartsocas-Papas type 2; Popliteal pterygium syndrome, Bartsocas-Papas type 1	OMIM	cap	
papillon	Papillon		Papillon-Lefevre syndrome	OMIM	cap	
papillorenal	Papillorenal		Papillorenal syndrome	OMIM	lower	
pappas	Pappas		Rabin-Pappas syndrome	OMIM	cap	
paraganglioma	Paraganglioma		Paraganglioma and gastric stromal sarcoma	OMIM	lower	
paramyotonia	Paramyotonia		Paramyotonia congenita	OMIM	lower	
parasomnia	Parasomnia		Parasomnia, sleepwalking type	OMIM	lower	
parastremmatic	Parastremmatic		Parastremmatic dwarfism	OMIM	lower	
parathyroid	Parathyroid		Parathyroid adenoma with cystic changes; Parathyroid carcinoma; Parathyroid adenoma, somatic (3)	OMIM	lower	
parenti	Parenti		Parenti-Mignot neurodevelopmental syndrome	OMIM	cap	
parietal	Parietal		Parietal foramina 3; Parietal foramina with cleidocranial dysplasia; Parietal foramina 1	OMIM	lower	
paris	Paris		Thrombocytopenia, Paris-Trousseau type	OMIM	cap	
parkinson	Parkinson		Parkinson disease 7, autosomal recessive early-onset; Parkinson disease 6, early onset; Parkinson disease 10	OMIM	cap	
parkinsonism	Parkinsonism		Parkinsonism-dystonia 3, childhood-onset; Parkinsonism with polyneuropathy; Parkinsonism-dystonia, infantile, 1	OMIM	cap	
paroxysmal	Paroxysmal		Paroxysmal extreme pain disorder; Paroxysmal nonkinesigenic dyskinesia 2; Paroxysmal nonkinesigenic dyskinesia 1	OMIM	lower	
partington	Partington		Partington syndrome	OMIM	cap	
passarge	Passarge		Schopf-Schulz-Passarge syndrome	OMIM	cap	
patella	Patella		Patella aplasia or hypoplasia	OMIM	lower	
patent	Patent		Patent ductus arteriosus 3; Patent ductus arteriosus 2; Patent ductus arteriosus, susceptibility to	OMIM	lower	
paul	Paul		Paul-Chao neurodevelopmental syndrome	OMIM	cap	
pdx	PDX		Lacticacidemia due to PDX1 deficiency	OMIM	cap	
peeling	Peeling		Peeling skin syndrome 6; Peeling skin syndrome 4; Peeling skin with leukonychia, acral punctate keratoses, ...	OMIM	lower	
peho	PEHO		PEHO syndrome-like; PEHO syndrome	OMIM	cap	
pelger	Pelger		Pelger-Huet anomaly; Rhizomelic skeletal dysplasia with or without Pelger-Huet...; Short stature, optic nerve atrophy, and Pelger-Huet anomaly	OMIM	cap	
pelizaeus	Pelizaeus		Pelizaeus-Merzbacher disease	OMIM	cap	
pelvic	Pelvic		Pelvic organ prolapse, susceptibility to, 1; Pelvic organ prolapse, susceptibility to, 2	OMIM	lower	
pena	Pena		Shashi-Pena syndrome	OMIM	cap	
pendred	Pendred		Pendred syndrome	OMIM	cap	
pentosuria	Pentosuria		Pentosuria	OMIM	cap	
penttinen	Penttinen		Premature aging syndrome, Penttinen type	OMIM	cap	
perching	PERCHING		PERCHING syndrome	OMIM	cap	
perez	Perez		Birk-Landau-Perez syndrome	OMIM	cap	
periodic	Periodic		Periodic fever, immunodeficiency, and thrombocytopenia sy...; Periodic fever, menstrual cycle dependent; Periodic fever, familial	OMIM	lower	
periodontitis	Periodontitis		Periodontitis, aggressive, 2; Periodontitis 1, aggressive	OMIM	lower	
peripheral	Peripheral		Peripheral arterial occlusive disease 1; Peripheral motor neuropathy, childhood-onset, biotin-resp...; Peripheral neuropathy with variable spasticity, exercise ...	OMIM	lower	
periventricular	Periventricular		Periventricular nodular heterotopia 8; Periventricular nodular heterotopia 3; Periventricular nodular heterotopia 9	OMIM	lower	
perlman	Perlman		Perlman syndrome	OMIM	cap	
peroxisomal	Peroxisomal		Peroxisomal fatty acyl-CoA reductase 1 disorder; Peroxisomal acyl-CoA oxidase deficiency	OMIM	lower	
peroxisome	Peroxisome		Peroxisome biogenesis disorder 6A (Zellweger); Peroxisome biogenesis disorder 6B; Peroxisome biogenesis disorder 13A (Zellweger)	OMIM	lower	
perrault	Perrault		Perrault syndrome 7; Perrault syndrome 4; Perrault syndrome 1	OMIM	cap	
perry	Perry		Perry syndrome	OMIM	cap	
persistent	Persistent		Persistent truncus arteriosus; Persistent hyperplastic primary vitreous, autosomal reces...; Persistent Mullerian duct syndrome, type II	OMIM	lower	
perthes	Perthes		Legg-Calve-Perthes disease; Arthrogryposis, Perthes disease, and upward gaze palsy	OMIM	cap	
peters	Peters		Peters-plus syndrome	OMIM	cap	
pettigrew	Pettigrew		Pettigrew syndrome	OMIM	cap	
peutz	Peutz		Peutz-Jeghers syndrome	OMIM	cap	
pfeiffer	Pfeiffer		Pfeiffer syndrome	OMIM	cap	
phelan	Phelan		Phelan-McDermid syndrome	OMIM	cap	
phenylketonuria	Phenylketonuria		Phenylketonuria	OMIM	lower	
pheochromocytoma	Pheochromocytoma		Pheochromocytoma/paraganglioma syndrome 4; Pheochromocytoma/paraganglioma syndrome 3; Pheochromocytoma, susceptibility to	OMIM	lower	
phoar	PHOAR		PHOAR2-enteropathy syndrome	OMIM	cap	
phobia	Phobia		Phobia, specific	OMIM	lower	
phosphoenolpyruvate	Phosphoenolpyruvate		Phosphoenolpyruvate carboxykinase deficiency, cytosolic	OMIM	lower	
phosphoglycerate	Phosphoglycerate		Phosphoglycerate dehydrogenase deficiency; Phosphoglycerate kinase 1 deficiency	OMIM	lower	
phosphohydroxylysinuria	Phosphohydroxylysinuria		?Phosphohydroxylysinuria	OMIM	lower	
phosphoribosylaminoimidazole	Phosphoribosylaminoimidazole		Phosphoribosylaminoimidazole carboxylase deficiency	OMIM	lower	
phosphoribosylpyrophosphate	Phosphoribosylpyrophosphate		Phosphoribosylpyrophosphate synthetase superactivity	OMIM	lower	
phosphorylase	Phosphorylase		Phosphorylase kinase deficiency of liver and muscle, auto...	OMIM	lower	
phosphoserine	Phosphoserine		Phosphoserine phosphatase deficiency; Phosphoserine aminotransferase deficiency	OMIM	lower	
photoparoxysmal	Photoparoxysmal		Photoparoxysmal response 1; Photoparoxysmal response 3; Photoparoxysmal response 2	OMIM	lower	
pick	Pick		Niemann-Pick disease, type B; Niemann-Pick disease, type A; Pick disease	OMIM	cap	
pierpont	Pierpont		Pierpont syndrome	OMIM	cap	
pierre	Pierre		Pierre Robin syndrome	OMIM	cap	
pierson	Pierson		Pierson syndrome	OMIM	cap	
pigmentary	Pigmentary		Pigmentary disorder, reticulate, with systemic manifestat...	OMIM	lower	
pigmented	Pigmented		Pigmented paravenous chorioretinal atrophy; Pigmented nodular adrenocortical disease, primary, 2; Pigmented nodular adrenocortical disease, primary, 3	OMIM	lower	
pilarowski	Pilarowski		Pilarowski-Bjornsson syndrome	OMIM	cap	
pilorge	Pilorge		Intellectual developmental disorder, X-linked syndromic, ...	OMIM	cap	
pitt	Pitt		Pitt-Hopkins-like syndrome 2; Pitt-Hopkins like syndrome 1; Pitt-Hopkins syndrome	OMIM	cap	
pituitary	Pituitary		Pituitary hormone deficiency, combined or isolated, 7; Pituitary hormone deficiency, combined, 4; Pituitary adenoma, ACTH-secreting, somatic (3)	OMIM	lower	
pityriasis	Pityriasis		Pityriasis rubra pilaris	OMIM	lower	
placental	Placental		Placental lactogen deficiency] (1)	OMIM	lower	
plasma	Plasma		Plasma triglyceride level QTL, low	OMIM	lower	
plasminogen	Plasminogen		Plasminogen deficiency, type I; Plasminogen activator inhibitor-1 deficiency	OMIM	lower	
plasmodium	Plasmodium		Plasmodium falciparum fever episodes QTL1	OMIM	lower	
platelet	Platelet		Platelet-activating factor acetylhydrolase deficiency; Platelet glycoprotein IV deficiency; Platelet PLC beta-2 deficiency (1)	OMIM	lower	
platyspondylic	Platyspondylic		Platyspondylic skeletal dysplasia, Torrance type	OMIM	lower	
pleuropulmonary	Pleuropulmonary		Pleuropulmonary blastoma	OMIM	lower	
pneumothorax	Pneumothorax		Pneumothorax, primary spontaneous	OMIM	lower	
podoconiosis	Podoconiosis		Podoconiosis, susceptibility to	OMIM	lower	
poikiloderma	Poikiloderma		Poikiloderma, hereditary fibrosing, with tendon contractu...; Poikiloderma with neutropenia	OMIM	lower	
poirier	Poirier		Poirier-Bienvenu neurodevelopmental syndrome	OMIM	cap	
polycystic	Polycystic		Polycystic lung disease; Polycystic kidney disease 5; Polycystic kidney disease 6 with or without polycystic li...	OMIM	lower	
polycythemia	Polycythemia		Polycythemia vera, somatic	OMIM	lower	
polydactyly	Polydactyly		Polydactyly, postaxial, type A6; Polydactyly, postaxial, type A10; Polydactyly, postaxial, type A7	OMIM	lower	
polyendocrine	Polyendocrine		Polyendocrine-polyneuropathy syndrome	OMIM	lower	
polyglucosan	Polyglucosan		Polyglucosan body disease, adult form; Polyglucosan body myopathy 2; Polyglucosan body myopathy 1 with or without immunodefici...	OMIM	lower	
polyhydramnios	Polyhydramnios		Polyhydramnios, megalencephaly, and symptomatic epilepsy	OMIM	lower	
polymicrogyria	Polymicrogyria		Polymicrogyria with or without vascular-type EDS; Polymicrogyria, bilateral temporooccipital; Polymicrogyria, perisylvian, with cerebellar hypoplasia a...	OMIM	lower	
polyneuropathy	Polyneuropathy		Polyneuropathy, hearing loss, ataxia, retinitis pigmentos...	OMIM	lower	
polyposis	Polyposis		Polyposis syndrome, hereditary mixed, 2; Polyposis, juvenile intestinal; Polyposis syndrome, hereditary mixed 1	OMIM	lower	
polyunsaturated	Polyunsaturated		Polyunsaturated fatty acids plasma level QTL1	OMIM	lower	
pompe	Pompe		Pompe disease, late-onset; Pompe disease, infantile-onset	OMIM	cap	
pontocerebellar	Pontocerebellar		Pontocerebellar hypoplasia, hypotonia, and respiratory in...; Pontocerebellar hypoplasia, type 7; Pontocerebellar hypoplasia, type 9	OMIM	lower	
popliteal	Popliteal		Popliteal pterygium syndrome 1; Popliteal pterygium syndrome, Bartsocas-Papas type 2; Popliteal pterygium syndrome, Bartsocas-Papas type 1	OMIM	lower	
popov	Popov		Popov-Chang syndrome	OMIM	cap	
poretti	Poretti		Poretti-Boltshauser syndrome	OMIM	cap	
porokeratosis	Porokeratosis		Porokeratosis 5, disseminated superficial actinic; Porokeratosis 1, multiple types; Porokeratosis 9, multiple types	OMIM	lower	
porphyria	Porphyria		Porphyria, hepatoerythropoietic; Porphyria cutanea tarda; Porphyria, acute hepatic	OMIM	lower	
portal	Portal		Portal hypertension, noncirrhotic, 1; Portal hypertension, noncirrhotic, 2	OMIM	lower	
postaxial	Postaxial		Postaxial polydactyly, type A2	OMIM	lower	
potocki	Potocki		Potocki-Shaffer syndrome; Potocki-Lupski syndrome	OMIM	cap	
prader	Prader		Prader-Willi syndrome	OMIM	cap	
preauricular	Preauricular		Preauricular fistulae, congenital; Preauricular tag, isolated, autosomal dominant, 1	OMIM	lower	
precocious	Precocious		Precocious puberty, male; Precocious puberty, central, 2; Precocious puberty, central, 1	OMIM	lower	
preeclampsia	Preeclampsia		Preeclampsia/eclampsia 2; Preeclampsia/eclampsia 1; Preeclampsia/eclampsia 5	OMIM	lower	
pregnancy	Pregnancy		Pregnancy loss, recurrent, susceptibility to, 1; Pregnancy loss, recurrent, susceptibility to, 3; Pregnancy loss, recurrent, susceptibility to, 2	OMIM	lower	
premature	Premature		Premature ovarian failure 20; Premature ovarian failure 9; Premature ovarian failure 6	OMIM	lower	
preterm	Preterm		Preterm premature rupture of the membranes, susceptibilit...	OMIM	lower	
prieto	Prieto		Prieto syndrome	OMIM	cap	
primary	Primary		Primary lateral sclerosis, juvenile; Primary aldosteronism, seizures, and neurologic abnormali...; Primary lateral sclerosis, adult, 1	OMIM	lower	
primordial	Primordial		Primordial dwarfism-immunodeficiency-lipodystrophy syndrome	OMIM	lower	
primrose	Primrose		Primrose syndrome	OMIM	cap	
probst	Probst		Martin-Probst syndrome	OMIM	cap	
progesterone	Progesterone		Progesterone resistance	OMIM	lower	
progressive	Progressive		Progressive familial heart block, type II; Progressive external ophthalmoplegia with mitochondrial D...; Progressive external ophthalmoplegia with mitochondrial D...	OMIM	lower	
prolidase	Prolidase		Prolidase deficiency	OMIM	lower	
proliferative	Proliferative		Proliferative vasculopathy and hydranencephaly-hydrocepha...	OMIM	lower	
prolonged	Prolonged		Prolonged electroretinal response suppression 1; Prolonged electroretinal response suppression 2	OMIM	lower	
properdin	Properdin		Properdin deficiency, X-linked	OMIM	lower	
prostate	Prostate		Prostate cancer/brain cancer susceptibility, somatic; Prostate cancer 1; Prostate cancer, susceptibility to	OMIM	lower	
proteasome	Proteasome		Proteasome-associated autoinflammatory syndrome 3 and dig...; Proteasome-associated autoinflammatory syndrome 1 and dig...; Proteasome-associated autoinflammatory syndrome 6	OMIM	lower	
protein	Protein		Protein Z deficiency	OMIM	lower	
proteinuria	Proteinuria		Proteinuria, chronic benign; Proteinuria, low molecular weight, with hypercalciuric ne...	OMIM	lower	
proteus	Proteus		Proteus syndrome, somatic mosaic	OMIM	cap	
protoporphyria	Protoporphyria		Protoporphyria, erythropoietic, 2; Protoporphyria, erythropoietic, 1; Protoporphyria, erythropoietic, X-linked	OMIM	lower	
proximal	Proximal		Proximal renal tubular acidosis-ocular anomaly syndrome	OMIM	lower	
prune	Prune		Prune belly syndrome	OMIM	lower	
pseudo	Pseudo		Pseudo-TORCH syndrome 1; Pseudo-TORCH syndrome 3; Pseudo-TORCH syndrome 2	OMIM	lower	
pseudoachondroplasia	Pseudoachondroplasia		Pseudoachondroplasia	OMIM	lower	
pseudofolliculitis	Pseudofolliculitis		Pseudofolliculitis barbae, susceptibility to	OMIM	lower	
pseudohermaphroditism	Pseudohermaphroditism		Pseudohermaphroditism, male, with gynecomastia	OMIM	lower	
pseudohyperkalemia	Pseudohyperkalemia		Pseudohyperkalemia, familial, 2, due to red cell leak	OMIM	lower	
pseudohypoaldosteronism	Pseudohypoaldosteronism		Pseudohypoaldosteronism, type IIA; Pseudohypoaldosteronism, type IIE; Pseudohypoaldosteronism type I, autosomal dominant	OMIM	lower	
pseudohypoparathyroidism	Pseudohypoparathyroidism		Pseudohypoparathyroidism Ib; Pseudohypoparathyroidism Ic; Pseudohypoparathyroidism Ia	OMIM	lower	
pseudopseudohypoparathyroidism	Pseudopseudohypoparathyroidism		Pseudopseudohypoparathyroidism	OMIM	lower	
pseudovaginal	Pseudovaginal		Pseudovaginal perineoscrotal hypospadias	OMIM	lower	
pseudoxanthoma	Pseudoxanthoma		Pseudoxanthoma elasticum-like disorder with multiple coag...; Pseudoxanthoma elasticum; Pseudoxanthoma elasticum, forme fruste	OMIM	lower	
psoriasis	Psoriasis		Psoriasis susceptibility 7; Psoriasis, protection against; Psoriasis susceptibility 4	OMIM	lower	
psoriatic	Psoriatic		Psoriatic arthritis, susceptibility to	OMIM	lower	
ptosis	Ptosis		Ptosis, hereditary congenital, 1; Ptosis, hereditary congenital 2	OMIM	lower	
pudlak	Pudlak		Hermansky-Pudlak syndrome 3; Hermansky-Pudlak syndrome 2; Hermansky-Pudlak syndrome 11	OMIM	cap	
pulmonary	Pulmonary		Pulmonary hypertension, primary, 4; Pulmonary disease, chronic obstructive, severe early-onset; Pulmonary hypertension, familial primary, 1, with or with...	OMIM	lower	
pumphrey	Pumphrey		Bart-Pumphrey syndrome	OMIM	cap	
punetha	Punetha		Dworschak-Punetha neurodevelopmental syndrome	OMIM	cap	
pycnodysostosis	Pycnodysostosis		Pycnodysostosis	OMIM	lower	
pyle	Pyle		Pyle disease	OMIM	cap	
pyloric	Pyloric		Pyloric stenosis, infantile hypertrophic, 3; Pyloric stenosis, infantile hypertrophic 1; Pyloric stenosis, infantile hypertrophic, 2	OMIM	lower	
pyogenic	Pyogenic		Pyogenic sterile arthritis, pyoderma gangrenosum, and acne	OMIM	lower	
pyridoxamine	Pyridoxamine		Pyridoxamine 5'-phosphate oxidase deficiency	OMIM	lower	
pyropoikilocytosis	Pyropoikilocytosis		Pyropoikilocytosis	OMIM	lower	
pyruvate	Pyruvate		Pyruvate dehydrogenase E1-beta deficiency; Pyruvate dehydrogenase phosphatase deficiency; Pyruvate carboxylase deficiency	OMIM	lower	
quebec	Quebec		Quebec platelet disorder	OMIM	cap	
question	Question		Question mark ears, isolated	OMIM	lower	
rabin	Rabin		Rabin-Pappas syndrome	OMIM	cap	
radial	Radial		Radial ray deficiency	OMIM	lower	
radiation	Radiation		Radiation sensitivity/chromosome instability syndrome, au...	OMIM	lower	
radin	Radin		Blood group, Radin	OMIM	cap	
radio	Radio		Radio-Tartaglia syndrome	OMIM	cap	
radioulnar	Radioulnar		Radioulnar synostosis with amegakaryocytic thrombocytopen...; Radioulnar synostosis with amegakaryocytic thrombocytopen...; Radioulnar synostosis, nonsyndromic	OMIM	lower	
rafiq	Rafiq		Rafiq syndrome	OMIM	cap	
ragweed	Ragweed		Ragweed sensitivity	OMIM	lower	
rahman	Rahman		Tatton-Brown-Rahman syndrome; Rahman syndrome	OMIM	cap	
raine	Raine		Raine syndrome	OMIM	cap	
rajab	Rajab		Rajab interstitial lung disease with brain calcifications 1; Rajab interstitial lung disease with brain calcifications 2	OMIM	cap	
rakeb	Rakeb		Kufor-Rakeb syndrome	OMIM	cap	
ramond	Ramond		Ramond-Elliott neurodevelopmental syndrome	OMIM	cap	
rapadilino	RAPADILINO		RAPADILINO syndrome	OMIM	cap	
raph	Raph		Blood group, Raph	OMIM	cap	
rapid	Rapid		Rapid progression to AIDS from HIV1 infection	OMIM	lower	
rapp	Rapp		Rapp-Hodgkin syndrome	OMIM	cap	
raqad	Raqad		Al-Raqad syndrome	OMIM	cap	
rara	RARA		Leukemia, acute promyelocytic, PL2F/RARA type (3)	OMIM	cap	
ras	RAS		RAS-associated autoimmune lymphoproliferative syndrome ty...; RAS-associated autoimmune leukoproliferative disorder	OMIM	cap	
rauch	Rauch		Rauch-Steindl syndrome	OMIM	cap	
rautenstrauch	Rautenstrauch		Wiedemann-Rautenstrauch syndrome	OMIM	cap	
raymond	Raymond		Intellectual developmental disorder, X-linked syndromic, ...	OMIM	cap	
raynaud	Raynaud		Raynaud-Claes syndrome	OMIM	cap	
recombination	Recombination		Recombination rate QTL 1	OMIM	lower	
recon	RECON		RECON progeroid syndrome	OMIM	cap	
reducing	Reducing		Reducing body myopathy, X-linked 1b, with late childhood ...; Reducing body myopathy, X-linked 1a, severe, infantile or...	OMIM	lower	
refsum	Refsum		Refsum disease	OMIM	cap	
reis	Reis		Corneal dystrophy, Reis-Bucklers type; Hijazi-Reis syndrome	OMIM	cap	
renal	Renal		Renal cell carcinoma, papillary; Renal tubular dysgenesis; Renal cell carcinoma, clear cell, somatic	OMIM	lower	
reni	RENI		RENI syndrome	OMIM	cap	
renpenning	Renpenning		Renpenning syndrome	OMIM	cap	
renu	ReNU		ReNU syndrome	OMIM	cap	
resistance	Resistance		Resistance to malaria due to G6PD deficiency	OMIM	lower	
respiratory	Respiratory		Respiratory infections, recurrent, and failure to thrive ...; Respiratory rhythmicity in sleep; Respiratory papillomatosis, juvenile recurrent, congenital	OMIM	lower	
resting	Resting		Resting heart rate	OMIM	lower	
restless	Restless		Restless legs syndrome 7; Restless legs syndrome 4; Restless legs syndrome 8	OMIM	lower	
restrictive	Restrictive		Restrictive dermopathy 1; Restrictive dermopathy 2	OMIM	lower	
reticular	Reticular		Reticular dysgenesis	OMIM	lower	
reticulate	Reticulate		Reticulate acropigmentation of Kitamura	OMIM	lower	
retinal	Retinal		Retinal dystrophy, early-onset severe; Retinal arterial macroaneurysm with supravalvular pulmoni...; Retinal cone dystrophy-1	OMIM	lower	
retinitis	Retinitis		Retinitis pigmentosa 59; Retinitis pigmentosa 76; Retinitis pigmentosa 20	OMIM	lower	
retinoblastoma	Retinoblastoma		Retinoblastoma, trilateral; Retinoblastoma	OMIM	lower	
retinopathy	Retinopathy		Retinopathy-sensory neuropathy syndrome; Retinopathy of prematurity	OMIM	lower	
retinoschisis	Retinoschisis		Retinoschisis	OMIM	lower	
rett	Rett		Rett syndrome, congenital variant; Rett syndrome, atypical; Rett syndrome	OMIM	cap	
revesz	Revesz		Revesz syndrome	OMIM	cap	
reynolds	Reynolds		Reynolds syndrome	OMIM	cap	
rhabdoid	Rhabdoid		Rhabdoid tumor predisposition syndrome 2; Rhabdoid tumors, somatic; Rhabdoid tumor predisposition syndrome 1	OMIM	lower	
rhabdomyolysis	Rhabdomyolysis		Rhabdomyolysis, susceptibility to, 1; Rhabdomyolysis, susceptibility to, 2	OMIM	lower	
rhabdomyosarcoma	Rhabdomyosarcoma		Rhabdomyosarcoma 2, alveolar; Rhabdomyosarcoma, somatic; Rhabdomyosarcoma, alveolar	OMIM	lower	
rheumatoid	Rheumatoid		Rheumatoid arthritis, susceptibility to; Rheumatoid arthritis, progression of; Rheumatoid arthritis, systemic juvenile	OMIM	lower	
rhizomelic	Rhizomelic		Rhizomelic skeletal dysplasia with or without Pelger-Huet...; Rhizomelic chondrodysplasia punctata, type 2; Rhizomelic limb shortening with dysmorphic features	OMIM	lower	
rhyns	RHYNS		RHYNS syndrome	OMIM	cap	
riazuddin	Riazuddin		Usmani-Riazuddin syndrome, autosomal recessive; Usmani-Riazuddin syndrome, autosomal dominant	OMIM	cap	
riboflavin	Riboflavin		Riboflavin deficiency	OMIM	lower	
ribose	Ribose		Ribose 5-phosphate isomerase deficiency	OMIM	lower	
rickets	Rickets		Rickets due to defect in vitamin D 25-hydroxylation defic...; Rickets, vitamin D-resistant, type IIA	OMIM	cap	
riddle	RIDDLE		RIDDLE syndrome	OMIM	cap	
rieger	Rieger		Axenfeld-Rieger syndrome, type 1; Axenfeld-Rieger syndrome, type 3; Scaphocephaly and Axenfeld-Rieger anomaly (3)	OMIM	cap	
right	Right		Right atrial isomerism (Ivemark)	OMIM	lower	
rigidity	Rigidity		Rigidity and multifocal seizure syndrome, lethal neonatal	OMIM	lower	
riley	Riley		Mitchell-Riley syndrome	OMIM	cap	
ring	Ring		Ring dermoid of cornea; Ring chromosome 14 syndrome	OMIM	lower	
rippling	Rippling		Rippling muscle disease-1; Rippling muscle disease 2	OMIM	lower	
ritscher	Ritscher		Ritscher-Schinzel syndrome 4; Ritscher-Schinzel syndrome 1; Ritscher-Schinzel syndrome 3	OMIM	cap	
roberts	Roberts		Lissencephaly 2 (Norman-Roberts type); Roberts-SC phocomelia syndrome	OMIM	cap	
robin	Robin		Pierre Robin syndrome; Robin sequence with cleft mandible and limb anomalies	OMIM	cap	
robinet	Robinet		Thauvin-Robinet-Faivre syndrome	OMIM	cap	
robinow	Robinow		Robinow syndrome, autosomal dominant 2; Robinow syndrome, autosomal dominant 1; Robinow syndrome, autosomal dominant 3	OMIM	cap	
robinson	Robinson		Intellectual developmental disorder, X-linked syndromic, ...	OMIM	cap	
rocco	Rocco		Spondyloepimetaphyseal dysplasia, Di Rocco type	OMIM	cap	
rod	Rod		Rod-cone dystrophy, sensorineural deafness, and Fanconi-t...	OMIM	lower	
rodan	Rodan		Lopes-Maciel-Rodan syndrome; O'Donnell-Luria-Rodan syndrome	OMIM	cap	
rodgers	Rodgers		Blood group, Rodgers	OMIM	cap	
roifman	Roifman		Roifman-Chitayat syndrome, digenic; Roifman syndrome	OMIM	cap	
rolandic	Rolandic		Rolandic epilepsy, impaired intellectual development, and...	OMIM	cap	
ropers	Ropers		Bainbridge-Ropers syndrome	OMIM	cap	
rosenthal	Rosenthal		Melkersson-Rosenthal syndrome	OMIM	cap	
rothmund	Rothmund		Rothmund-Thomson syndrome, type 3; Rothmund-Thomson syndrome, type 1; Rothmund-Thomson syndrome, type 2	OMIM	cap	
rotor	Rotor		Hyperbilirubinemia, Rotor type, digenic	OMIM	cap	
roussy	Roussy		Roussy-Levy syndrome	OMIM	cap	
rubinstein	Rubinstein		Rubinstein-Taybi syndrome 1; Rubinstein-Taybi syndrome 2	OMIM	cap	
ruijs	Ruijs		Ruijs-Aalfs progeroid syndrome	OMIM	cap	
russe	Russe		Neuropathy, hereditary motor and sensory, Russe type	OMIM	cap	
russell	Russell		Silver-Russell syndrome 2; Silver-Russell syndrome 4; Silver-Russell syndrome 1	OMIM	cap	
rustad	Rustad		Marbach-Rustad progeroid syndrome	OMIM	cap	
ryu	Ryu		Morimoto-Ryu-Malicdan neuromuscular syndrome	OMIM	cap	
sachs	Sachs		Tay-Sachs disease	OMIM	cap	
sacral	Sacral		Sacral agenesis with vertebral anomalies	OMIM	lower	
saethre	Saethre		Saethre-Chotzen syndrome with or without eyelid anomalies; Saethre-Chotzen syndrome	OMIM	cap	
saguenay	Saguenay		Spastic ataxia, Charlevoix-Saguenay type	OMIM	cap	
sakati	Sakati		Woodhouse-Sakati syndrome	OMIM	cap	
salla	Salla		Salla disease	OMIM	cap	
salt	Salt		Salt and pepper developmental regression syndrome	OMIM	lower	
sanctis	Sanctis		De Sanctis-Cacchione syndrome	OMIM	cap	
sandestig	Sandestig		Sandestig-Stefanova syndrome	OMIM	cap	
sandhoff	Sandhoff		Sandhoff disease, infantile, juvenile, and adult forms	OMIM	cap	
sandrow	Sandrow		Laurin-Sandrow syndrome	OMIM	cap	
santos	Santos		Santos syndrome; Intellectual developmental disorder, X-linked, syndromic,...	OMIM	cap	
sap	SAP		Combined SAP deficiency; Metachromatic leukodystrophy due to SAP-b deficiency	OMIM	cap	
sarcoidosis	Sarcoidosis		Sarcoidosis, susceptibility to, 2; Sarcoidosis, susceptibility to, 1; Sarcoidosis, susceptibility to, 3	OMIM	lower	
sarcoma	Sarcoma		Sarcoma, synovial, somatic	OMIM	lower	
sarcosinemia	Sarcosinemia		Sarcosinemia	OMIM	lower	
saul	Saul		Saul-Wilson syndrome	OMIM	cap	
say	Say		Barber-Say syndrome	OMIM	cap	may need to allow lowercase = common word; not yet aware of any common use
scalp	Scalp		Scalp-ear-nipple syndrome	OMIM	lower	
scaphocephaly	Scaphocephaly		Scaphocephaly and Axenfeld-Rieger anomaly (3); Scaphocephaly, maxillary retrusion, and impaired intellec...	OMIM	lower	
scapuloperoneal	Scapuloperoneal		Scapuloperoneal syndrome, neurogenic, Kaeser type; Scapuloperoneal spinal muscular atrophy; Scapuloperoneal myopathy, X-linked dominant	OMIM	lower	
schaaf	Schaaf		Bosch-Boonstra-Schaaf optic atrophy syndrome; Marbach-Schaaf neurodevelopmental syndrome; Schaaf-Yang syndrome	OMIM	cap	
schimke	Schimke		Schimke immunoosseous dysplasia	OMIM	cap	
schimmelpenning	Schimmelpenning		Schimmelpenning-Feuerstein-Mims syndrome, somatic mosaic	OMIM	cap	
schindler	Schindler		Schindler disease, type I; Schindler disease, type III	OMIM	cap	
schinzel	Schinzel		Ritscher-Schinzel syndrome 4; Ritscher-Schinzel syndrome 1; Ritscher-Schinzel syndrome 3	OMIM	cap	
schistosoma	Schistosoma		Schistosoma mansoni infection, susceptibility/resistance to; Hepatic fibrosis susceptibility due to Schistosoma manson...	OMIM	lower	
schizencephaly	Schizencephaly		Schizencephaly	OMIM	cap	
schizophrenia	Schizophrenia		Schizophrenia 12; Schizophrenia, susceptibility to; Schizophrenia 9, susceptibility to	OMIM	lower	
schmid	Schmid		Metaphyseal chondrodysplasia, Schmid type	OMIM	cap	
schneckenbecken	Schneckenbecken		Schneckenbecken dysplasia	OMIM	cap	
schnyder	Schnyder		Corneal dystrophy, Schnyder type	OMIM	cap	
schoch	Schoch		Luo-Schoch-Yamamoto syndrome	OMIM	cap	
schols	Schols		Hengel-Maroofian-Schols syndrome	OMIM	cap	
schopf	Schopf		Schopf-Schulz-Passarge syndrome	OMIM	cap	
schulz	Schulz		Schopf-Schulz-Passarge syndrome	OMIM	cap	
schuurs	Schuurs		Schuurs-Hoeijmakers syndrome	OMIM	cap	
schwannomatosis	Schwannomatosis		Schwannomatosis-2, susceptibility to; Schwannomatosis-1, susceptibility to; Schwannomatosis, vestibular	OMIM	lower	
schwartz	Schwartz		Schwartz-Jampel syndrome, type 1; Stuve-Wiedemann syndrome/Schwartz-Jampel type 2 syndrome; Intellectual developmental disorder, X-linked syndromic, ...	OMIM	cap	
scianna	Scianna		Blood group, Scianna system	OMIM	cap	
sclerosing	Sclerosing		Sclerosing cholangitis, neonatal	OMIM	lower	
sclerosteosis	Sclerosteosis		Sclerosteosis 2; Sclerosteosis 1	OMIM	lower	
scoliosis	Scoliosis		Scoliosis, isolated, susceptibility to, 6; Scoliosis, isolated, susceptibility to, 3; Scoliosis, idiopathic, susceptibility to, 4	OMIM	lower	
scott	Scott		Scott syndrome; Aarskog-Scott syndrome	OMIM	cap	
sea	Sea		Sea-blue histiocyte disease	OMIM	lower	
seborrhea	Seborrhea		Seborrhea-like dermatitis with psoriasiform elements	OMIM	lower	
seckel	Seckel		Seckel syndrome 9; Seckel syndrome 6; Seckel syndrome 1	OMIM	cap	
sedaghatian	Sedaghatian		Spondylometaphyseal dysplasia, Sedaghatian type	OMIM	cap	
sedoheptulokinase	Sedoheptulokinase		Sedoheptulokinase deficiency	OMIM	lower	
segawa	Segawa		Segawa syndrome, recessive	OMIM	cap	
seizures	Seizures		Seizures, benign familial infantile, 4; Seizures, benign familial infantile, 3; Seizures, early-onset, with neurodegeneration and brain c...	OMIM	lower	
sengers	Sengers		Sengers syndrome	OMIM	cap	
senior	Senior		Senior-Loken syndrome 4; Senior-Loken syndrome 7; Senior-Loken syndrome-1	OMIM	lower	
sensorineural	Sensorineural		Sensorineural deafness with mild renal dysfunction	OMIM	lower	
septooptic	Septooptic		Septooptic dysplasia	OMIM	lower	
sertoli	Sertoli		Goiter, multinodular 1, with or without Sertoli-Leydig ce...	OMIM	cap	
sessile	Sessile		Sessile serrated polyposis cancer syndrome	OMIM	lower	
setleis	Setleis		Focal facial dermal dysplasia 3, Setleis type	OMIM	cap	
severe	Severe		Severe cutaneous adverse reaction, susceptibility to; Severe combined immunodeficiency, Athabascan type; Severe combined immunodeficiency, B cell-negative	OMIM	lower	
sex	Sex		Sex hormone-binding globulin circulating level QTL 1	OMIM	lower	
shaffer	Shaffer		Potocki-Shaffer syndrome; Lamb-Shaffer syndrome	OMIM	cap	
shaheen	Shaheen		Shaheen syndrome	OMIM	cap	
shao	Shao		Spondyloepimetaphyseal dysplasia, Li-Shao-Li type	OMIM	cap	
shashi	Shashi		Shashi-Pena syndrome; Intellectual developmental disorder, X-linked syndromic, ...	OMIM	cap	
shields	Shields		Dentinogenesis imperfecta, Shields type III; Dentinogenesis imperfecta, Shields type II	OMIM	cap	
shinawi	Shinawi		Desanto-Shinawi syndrome	OMIM	cap	
shohat	Shohat		Spondyloepimetaphyseal dysplasia, Shohat type	OMIM	cap	
short	Short	Short (45); SHORT (1)	Short stature, oligodontia, dysmorphic facies, and motor ...; Short stature, Dauber-Argente type; Short stature, optic nerve atrophy, and Pelger-Huet anomaly	OMIM	lower	common word, handle deviations with pattern
shprintzen	Shprintzen		Shprintzen-Goldberg syndrome; Goldberg-Shprintzen megacolon syndrome	OMIM	cap	
shukla	Shukla		Shukla-Vernon syndrome	OMIM	cap	
shwachman	Shwachman		Shwachman-Diamond syndrome 1; Shwachman-Diamond syndrome 2	OMIM	cap	
sialic	Sialic		Sialic acid storage disorder, infantile	OMIM	lower	
sialuria	Sialuria		Sialuria	OMIM	lower	
sick	Sick		Sick sinus syndrome 1; Sick sinus syndrome 4; Sick sinus syndrome 3	OMIM	lower	
sickle	Sickle		Sickle cell disease	OMIM	lower	
sid	Sid		Blood group, Sid system	OMIM	cap	
siddiqi	Siddiqi		Siddiqi syndrome	OMIM	cap	
siderius	Siderius		Intellectual developmental disorder, X-linked syndromic, ...	OMIM	cap	
sideroblastic	Sideroblastic		Sideroblastic anemia with B-cell immunodeficiency, period...	OMIM	lower	
siemens	Siemens		Ichthyosis bullosa of Siemens	OMIM	cap	
sifrim	Sifrim		Sifrim-Hitz-Weiss syndrome	OMIM	cap	
silver	Silver		Silver-Russell syndrome 2; Silver-Russell syndrome 4; Silver-Russell syndrome 1	OMIM	cap	
silverman	Silverman		Dyssegmental dysplasia, Silverman-Handmaker type	OMIM	cap	
simpson	Simpson		Simpson-Golabi-Behmel syndrome, type 2; Simpson-Golabi-Behmel syndrome, type 1	OMIM	cap	
single	Single		Single median maxillary central incisor	OMIM	lower	
singleton	Singleton		Singleton-Merten syndrome 1; Singleton-Merten syndrome 2	OMIM	cap	
sinoatrial	Sinoatrial		Sinoatrial node dysfunction and deafness	OMIM	lower	
siris	Siris		Coffin-Siris syndrome 2; Coffin-Siris syndrome 1; Coffin-Siris syndrome 7	OMIM	cap	
sitosterolemia	Sitosterolemia		Sitosterolemia 2; Sitosterolemia 1	OMIM	cap	
sjogren	Sjogren		Marinesco-Sjogren syndrome; Sjogren-Larsson syndrome	OMIM	cap	
skeletal	Skeletal		Skeletal muscle glycogen content and metabolism QTL; Skeletal dysplasia, mild, with joint laxity and advanced ...	OMIM	lower	
skin	Skin		Skin/hair/eye pigmentation 5, dark/light eyes; Skin/hair/eye pigmentation 5, black/nonblack hair; Skin/hair/eye pigmentation 5, dark/fair skin	OMIM	lower	
skraban	Skraban		Skraban-Deardorff syndrome	OMIM	cap	
slovenian	Slovenian		Heart-hand syndrome, Slovenian type	OMIM	cap	
slowed	Slowed		Slowed nerve conduction velocity, AD	OMIM	lower	
small	Small		Small fiber neuropathy; Small-cell cancer of lung; Small cell cancer of the lung, somatic	OMIM	lower	
smirin	Smirin		Basel-Vanagaite-Smirin-Yosef syndrome	OMIM	cap	
smith	Smith		Smith-Kingsmore syndrome; Smith-McCort dysplasia 2; Smith-Lemli-Opitz syndrome	OMIM	cap	
smoking	Smoking		Smoking as a quantitative trait locus 1; Smoking as a quantitative trait locus 2	OMIM	lower	
smooth	Smooth		Smooth muscle dysfunction syndrome	OMIM	lower	
sneddon	Sneddon		Sneddon syndrome	OMIM	cap	
snijders	Snijders		Snijders Blok-Fisher syndrome; Snijders Blok-Campeau syndrome; Intellectual developmental disorder, X-linked syndromic, ...	OMIM	cap	
snowflake	Snowflake		Snowflake vitreoretinal degeneration	OMIM	lower	
snyder	Snyder		Intellectual developmental disorder, X-linked syndromic, ...	OMIM	cap	
social	Social		Social cognition	OMIM	lower	
sodium	Sodium		Sodium-dependent multivitamin transporter deficiency; Sodium serum level QTL 1	OMIM	lower	
sorauf	Sorauf		Robinow-Sorauf syndrome	OMIM	cap	
sorsby	Sorsby		Sorsby fundus dystrophy	OMIM	cap	
sotos	Sotos		Sotos syndrome	OMIM	cap	
sottas	Sottas		Dejerine-Sottas disease	OMIM	cap	
soulier	Soulier		Bernard-Soulier syndrome, type C; Bernard-Soulier syndrome, type A1 (recessive); Bernard-Soulier syndrome, type A2 (dominant)	OMIM	cap	
spahr	Spahr		Metaphyseal dysplasia, Spahr type	OMIM	cap	
spastic	Spastic		Spastic paraplegia 78, autosomal recessive; Spastic paraplegia 83, autosomal recessive; Spastic paraplegia 29, autosomal dominant	OMIM	lower	
spasticity	Spasticity		Spasticity, childhood-onset, with hyperglycinemia	OMIM	lower	
specific	Specific		Specific language impairment 5; Specific language impairment 4; Specific language impairment QTL, 3	OMIM	lower	
speech	Speech		Speech-sound disorder; Speech-language disorder-1	OMIM	lower	
spermatogenic	Spermatogenic		Spermatogenic failure 83; Spermatogenic failure 95; Spermatogenic failure 2	OMIM	lower	
spherocytosis	Spherocytosis		Spherocytosis, type 3; Spherocytosis, type 1; Spherocytosis, type 2	OMIM	lower	
spiegler	Spiegler		Brooke-Spiegler syndrome	OMIM	cap	
spinal	Spinal		Spinal muscular atrophy, type III, modifier of; Spinal muscular atrophy-2; Spinal muscular atrophy-4	OMIM	lower	
spinocerebellar	Spinocerebellar		Spinocerebellar ataxia 21; Spinocerebellar ataxia, autosomal recessive 4; Spinocerebellar ataxia, autosomal recessive, with axonal ...	OMIM	lower	
split	Split		Split-hand/foot malformation with long bone deficiency 1; Split-hand/foot malformation 5; Split-foot malformation with mesoaxial polydactyly	OMIM	lower	
spondylo	Spondylo		Spondylo-megaepiphyseal-metaphyseal dysplasia	OMIM	lower	
spondyloarthropathy	Spondyloarthropathy		Spondyloarthropathy, susceptibility to, 3; Spondyloarthropathy, susceptibility to, 2	OMIM	lower	
spondylocarpotarsal	Spondylocarpotarsal		Spondylocarpotarsal synostosis syndrome	OMIM	lower	
spondylocostal	Spondylocostal		Spondylocostal dysostosis 6; Spondylocostal dysostosis 3, autosomal recessive; Spondylocostal dysostosis 7, autosomal recessive	OMIM	lower	
spondyloenchondrodysplasia	Spondyloenchondrodysplasia		Spondyloenchondrodysplasia with immune dysregulation	OMIM	lower	
spondyloepimetaphyseal	Spondyloepimetaphyseal		Spondyloepimetaphyseal dysplasia with joint laxity, type ...; Spondyloepimetaphyseal dysplasia, Borochowitz-Cormier-Dai...; Spondyloepimetaphyseal dysplasia with joint laxity, type 3	OMIM	lower	
spondyloepiphyseal	Spondyloepiphyseal		Spondyloepiphyseal dysplasia, sensorineural hearing loss,...; Spondyloepiphyseal dysplasia with congenital joint disloc...; Spondyloepiphyseal dysplasia tarda, autosomal dominant	OMIM	lower	
spondylometaepiphyseal	Spondylometaepiphyseal		Spondylometaepiphyseal dysplasia, short limb-hand type	OMIM	lower	
spondylometaphyseal	Spondylometaphyseal		Spondylometaphyseal dysplasia, corner fracture type; Spondylometaphyseal dysplasia with cone-rod dystrophy; Spondylometaphyseal dysplasia, Pagnamenta type	OMIM	lower	
spondyloocular	Spondyloocular		Spondyloocular syndrome	OMIM	lower	
spondyloperipheral	Spondyloperipheral		Spondyloperipheral dysplasia	OMIM	lower	
spongiform	Spongiform		Spongiform encephalopathy with neuropsychiatric features	OMIM	lower	
sproul	Sproul		Heyn-Sproul-Jackson syndrome	OMIM	cap	
squalene	Squalene		Squalene synthase deficiency	OMIM	lower	
squamous	Squamous		Squamous cell carcinoma, head and neck; Squamous cell carcinoma, burn scar-related, somatic (3); Squamous cell carcinoma, head and neck, somatic	OMIM	lower	
stad	STAD		STAD syndrome	OMIM	cap	
stanescu	Stanescu		Spondyloepiphyseal dysplasia, Stanescu type	OMIM	cap	
stankiewicz	Stankiewicz		Stankiewicz-Isidor syndrome	OMIM	cap	
stapes	Stapes		Stapes ankylosis with broad thumbs and toes	OMIM	lower	
stargardt	Stargardt		Stargardt disease 1; Stargardt disease 4; Stargardt disease 3	OMIM	cap	
stature	Stature		Stature QTL 23; Stature QTL 7; Stature QTL 24	OMIM	lower	
steatocystoma	Steatocystoma		Steatocystoma multiplex	OMIM	lower	
steel	Steel		Steel syndrome	OMIM	cap	
stefanova	Stefanova		Sandestig-Stefanova syndrome	OMIM	cap	
steindl	Steindl		Rauch-Steindl syndrome	OMIM	cap	
steiner	Steiner		Wiedemann-Steiner syndrome	OMIM	cap	
stevenson	Stevenson		Beare-Stevenson cutis gyrata syndrome	OMIM	cap	
stickler	Stickler		Stickler syndrome, type V; Stickler syndrome, type II; Stickler syndrome, type IV	OMIM	cap	
stiff	Stiff		Stiff skin syndrome	OMIM	lower	
sting	STING		STING-associated vasculopathy, infantile-onset	OMIM	cap	
stocco	Stocco		Intellectual developmental disorder, X-linked, syndromic,...	OMIM	cap	
stolerman	Stolerman		Stolerman neurodevelopmental syndrome	OMIM	cap	
stoltzfus	Stoltzfus		Blood group, Stoltzfus system	OMIM	cap	
stomatin	Stomatin		Stomatin-deficient cryohydrocytosis with neurologic defects	OMIM	cap	
stormorken	Stormorken		Stormorken syndrome	OMIM	cap	
strabismus	Strabismus		Strabismus, susceptibility to, 1	OMIM	cap	
straussler	Straussler		Gerstmann-Straussler disease	OMIM	cap	
streeten	Streeten		Orthostatic hypotensive disorder of Streeten	OMIM	cap	
striatal	Striatal		Striatal degeneration, autosomal dominant	OMIM	lower	
striatonigral	Striatonigral		Striatonigral degeneration, childhood-onset; Striatonigral degeneration, infantile	OMIM	lower	
stroke	Stroke		Stroke, ischemic, susceptibility to; Stroke, susceptibility to, 1; Stroke, susceptibility to	OMIM	lower	
stromme	Stromme		Stromme syndrome	OMIM	cap	
structural	Structural		Structural brain anomalies with impaired intellectual dev...; Structural heart defects and renal anomalies syndrome	OMIM	lower	
strudwick	Strudwick		SMED Strudwick type	OMIM	cap	
sturge	Sturge		Sturge-Weber syndrome, somatic, mosaic	OMIM	cap	
stuttering	Stuttering		Stuttering, familial persistent, 3; Stuttering, familial persistent, 2; Stuttering, familial persistent, 1	OMIM	lower	
stuve	Stuve		Stuve-Wiedemann syndrome/Schwartz-Jampel type 2 syndrome; Stuve-Wiedemann syndrome 2	OMIM	cap	
subcortical	Subcortical		Subcortical laminar heterotopia; Subcortical laminal heterotopia, X-linked	OMIM	lower	
succinic	Succinic		Succinic semialdehyde dehydrogenase deficiency	OMIM	lower	
succinyl	Succinyl		Succinyl CoA:3-oxoacid CoA transferase deficiency	OMIM	lower	
sucrase	Sucrase		Sucrase-isomaltase deficiency, congenital	OMIM	lower	
sudden	Sudden		Sudden infant death syndrome, susceptibility to; Sudden cardiac failure, alcohol-induced; Sudden cardiac failure, infantile	OMIM	lower	
suleiman	Suleiman		Suleiman-El-Hattab syndrome	OMIM	cap	
sulfide	Sulfide		Sulfide:quinone oxidoreductase deficiency	OMIM	lower	
sulfite	Sulfite		Sulfite oxidase deficiency	OMIM	lower	
supernumerary	Supernumerary		Supernumerary der(22)t(8-22) syndrome	OMIM	lower	
superoxide	Superoxide		Superoxide dismutase, elevated extracellular] (3)	OMIM	lower	
supranuclear	Supranuclear		Supranuclear palsy, progressive, 2; Supranuclear palsy, progressive, 3; Supranuclear palsy, progressive	OMIM	lower	
surfactant	Surfactant		Surfactant metabolism dysfunction, pulmonary, 1; Surfactant metabolism dysfunction, pulmonary, 2; Surfactant metabolism dysfunction, pulmonary, 3	OMIM	lower	
sutton	Sutton		White-Sutton syndrome	OMIM	cap	
sveinsson	Sveinsson		Sveinsson chorioretinal atrophy	OMIM	cap	
swann	Swann		Blood group, Swann	OMIM	cap	
sweat	Sweat		Sweat chloride elevation without CF (3)	OMIM	lower	
sweeney	Sweeney		Sweeney-Cox syndrome	OMIM	cap	
symmetric	Symmetric		Symmetric circumferential skin creases, congenital, 1; Symmetric circumferential skin creases, congenital, 2	OMIM	lower	
symoens	Symoens		Osteochondrodysplasia, complex lethal, Symoens-Barnes-Gis...	OMIM	cap	
symphalangism	Symphalangism		Symphalangism, proximal, 1A; Symphalangism, proximal, 1B	OMIM	lower	
syncope	Syncope		Syncope, familial vasovagal	OMIM	cap	
syndactyly	Syndactyly		Syndactyly, type V; Syndactyly, type 1; Syndactyly, type III	OMIM	lower	
synesthesia	Synesthesia		Synesthesia	OMIM	lower	
synpolydactyly	Synpolydactyly		Synpolydactyly 1; Synpolydactyly 3; Synpolydactyly, 3/3'/4, associated with metacarpal and me...	OMIM	lower	
systemic	Systemic		Systemic lupus erythematosus, susceptibility to, 14; Systemic lupus erythematosus, susceptibility to; Systemic lupus erythematosus, susceptibility to, 9	OMIM	lower	
takada	Takada		Li-Takada-Miyake syndrome	OMIM	cap	
takenouchi	Takenouchi		Takenouchi-Kosaki syndrome	OMIM	cap	
tan	Tan		Tan-Almurshedi syndrome	OMIM	lower	common word, handle deviations with pattern
tangier	Tangier		Tangier disease	OMIM	cap	
tarp	TARP		TARP syndrome	OMIM	cap	
tarsal	Tarsal		Tarsal-carpal coalition syndrome	OMIM	lower	
tartaglia	Tartaglia		Radio-Tartaglia syndrome	OMIM	cap	
tateyama	Tateyama		Myopathy, distal, Tateyama type	OMIM	cap	
tatton	Tatton		Tatton-Brown-Rahman syndrome	OMIM	cap	
taurodontism	Taurodontism		Taurodontism, microdontia, and dens invaginatus	OMIM	lower	
tay	Tay		Tay-Sachs disease	OMIM	cap	
taybi	Taybi		Rubinstein-Taybi syndrome 1; Rubinstein-Taybi syndrome 2	OMIM	cap	
tayoun	Tayoun		Tayoun-Maawali syndrome	OMIM	cap	
teebi	Teebi		Teebi hypertelorism syndrome 2; Teebi hypertelorism syndrome 1	OMIM	cap	
telangiectasia	Telangiectasia		Telangiectasia, hereditary benign; Telangiectasia, hereditary hemorrhagic, type 4; Telangiectasia, hereditary hemorrhagic, type 1	OMIM	lower	
telomere	Telomere		Telomere length, mean leukocyte	OMIM	lower	
temple	Temple		Temple-Baraitser syndrome; Temple syndrome	OMIM	cap	
temtamy	Temtamy		Temtamy syndrome; Temtamy preaxial brachydactyly syndrome	OMIM	cap	
tenorio	Tenorio		Tenorio syndrome	OMIM	cap	
terminal	Terminal		Terminal osseous dysplasia	OMIM	lower	
tessadori	Tessadori		Tessadori-Bicknell-van Haaften neurodevelopmental syndrome 1; Tessadori-Bicknell-van Haaften neurodevelopmental syndrome 3; Tessadori-Bicknell-van Haaften neurodevelopmental syndrome 4	OMIM	cap	
testicular	Testicular		Testicular anomalies with or without congenital heart dis...; Testicular tumor, somatic; Testicular germ cell tumor	OMIM	lower	
tetraamelia	Tetraamelia		Tetraamelia syndrome 2	OMIM	lower	
tetralogy	Tetralogy		Tetralogy of Fallot	OMIM	lower	
tetrasomy	Tetrasomy		Tetrasomy 18p	OMIM	lower	
texas	Texas		Bleeding disorder, east Texas type	OMIM	cap	
thalassemia	Thalassemia		Thalassemia-beta, dominant inclusion-body; Thalassemia, beta; Thalassemia due to Hb Lepore (3)	OMIM	lower	
tham	Tham		Arboleda-Tham syndrome	OMIM	cap	
thanatophoric	Thanatophoric		Thanatophoric dysplasia, type II; Thanatophoric dysplasia, type I	OMIM	lower	
thauvin	Thauvin		Thauvin-Robinet-Faivre syndrome	OMIM	cap	
thiamine	Thiamine		Thiamine-responsive megaloblastic anemia syndrome; Thiamine metabolism dysfunction syndrome 2 (biotin/thiami...; Thiamine metabolism dysfunction syndrome 5 (episodic ence...	OMIM	lower	
thiel	Thiel		Corneal dystrophy, Thiel-Behnke type	OMIM	cap	
thiopurines	Thiopurines		Thiopurines, poor metabolism of, 1; Thiopurines, poor metabolism of, 2	OMIM	lower	
thomson	Thomson		Rothmund-Thomson syndrome, type 3; Rothmund-Thomson syndrome, type 1; Rothmund-Thomson syndrome, type 2	OMIM	cap	
thoracoabdominal	Thoracoabdominal		Thoracoabdominal syndrome	OMIM	lower	
thrombocythemia	Thrombocythemia		Thrombocythemia 2; Thrombocythemia 1; Thrombocythemia 3	OMIM	lower	
thrombocytopenia	Thrombocytopenia		Thrombocytopenia 13, syndromic; Thrombocytopenia-absent radius syndrome; Thrombocytopenia 9	OMIM	lower	
thrombophilia	Thrombophilia		Thrombophilia 2 due to activated protein C resistance; Thrombophilia, susceptibility to, due to factor V Leiden; Thrombophilia 7 due to antithrombin III deficiency	OMIM	lower	
thrombosis	Thrombosis		Thrombosis, hyperhomocysteinemic	OMIM	lower	
thrombotic	Thrombotic		Thrombotic thrombocytopenic purpura, hereditary	OMIM	lower	
thyroid	Thyroid		Thyroid hormone metabolism, abnormal, 2; Thyroid carcinoma, follicular, somatic; Thyroid carcinoma, papillary, with papillary renal neoplasia	OMIM	lower	
thyrotoxic	Thyrotoxic		Thyrotoxic periodic paralysis, susceptibility to, 1; Thyrotoxic periodic paralysis, susceptibility to, 2; Thyrotoxic periodic paralysis, susceptibility to, 3	OMIM	lower	
thyrotropin	Thyrotropin		Thyrotropin-releasing hormone deficiency	OMIM	lower	
thyroxine	Thyroxine		Thyroxine-binding globulin QTL	OMIM	lower	
tibia	Tibia		Tibia, hypoplasia or aplasia of, with polydactyly	OMIM	lower	
tibial	Tibial		Tibial muscular dystrophy, tardive; Tibial hemimelia	OMIM	lower	
tietz	Tietz		Tietz albinism-deafness syndrome	OMIM	cap	
timothy	Timothy		Timothy syndrome	OMIM	cap	
tolchin	Tolchin		Tolchin-Le Caignec syndrome	OMIM	cap	
tonne	Tonne		Tonne-Kalscheuer syndrome	OMIM	cap	
tonz	Tonz		Kohlschutter-Tonz syndrome	OMIM	cap	
tooth	Tooth		Charcot-Marie-Tooth disease, recessive intermediate C; Charcot-Marie-Tooth disease, type 2A1; Charcot-Marie-Tooth disease, axonal, type 2A2A	OMIM	lower	
tora	Tora		Harel-Tora neurodevelopmental syndrome	OMIM	cap	
torch	TORCH		Pseudo-TORCH syndrome 1; Pseudo-TORCH syndrome 3; Pseudo-TORCH syndrome 2	OMIM	cap	
torrance	Torrance		Platyspondylic skeletal dysplasia, Torrance type	OMIM	cap	
torre	Torre		Muir-Torre syndrome	OMIM	cap	
total	Total		Total anomalous pulmonary venous return	OMIM	lower	
tourette	Tourette		Tourette syndrome; Gilles de la Tourette syndrome, susceptibility to	OMIM	cap	
toutain	Toutain		Spondyloepimetaphyseal dysplasia, Isidor-Toutain type	OMIM	cap	
townes	Townes		Townes-Brocks syndrome 2; Townes-Brocks syndrome 1; Townes-Brocks branchiootorenal-like syndrome	OMIM	cap	
traboulsi	Traboulsi		Traboulsi syndrome	OMIM	cap	
tranebjaerg	Tranebjaerg		Mohr-Tranebjaerg syndrome	OMIM	cap	
transaldolase	Transaldolase		Transaldolase deficiency	OMIM	lower	
transcobalamin	Transcobalamin		Transcobalamin II deficiency	OMIM	lower	
transcription	Transcription		Transcription of plasminogen activator inhibitor, modulat...	OMIM	lower	
transferrin	Transferrin		Transferrin serum level quantitative trait locus 2	OMIM	lower	
transient	Transient		Transient bullous of the newborn; Transient erythroblastopenia of childhood	OMIM	lower	
treacher	Treacher		Treacher-Collins syndrome 4; Treacher Collins syndrome 1; Treacher Collins syndrome 3	OMIM	cap	
trehalase	Trehalase		Trehalase deficiency	OMIM	lower	
tremor	Tremor		Tremor, hereditary essential, 6	OMIM	lower	
trenaunay	Trenaunay		Klippel-Trenaunay-Weber syndrome	OMIM	cap	
trichilemmal	Trichilemmal		Trichilemmal cyst 1	OMIM	lower	
trichoepithelioma	Trichoepithelioma		Trichoepithelioma, multiple familial, 2; Trichoepithelioma, multiple familial, 1	OMIM	lower	
trichohepatoenteric	Trichohepatoenteric		Trichohepatoenteric syndrome 1; Trichohepatoenteric syndrome 2	OMIM	lower	
trichohepatoneurodevelopmental	Trichohepatoneurodevelopmental		Trichohepatoneurodevelopmental syndrome	OMIM	lower	
trichomegaly	Trichomegaly		Trichomegaly	OMIM	lower	
trichorhinophalangeal	Trichorhinophalangeal		Trichorhinophalangeal syndrome, type III; Trichorhinophalangeal syndrome, type I; Trichorhinophalangeal syndrome, type II	OMIM	lower	
trichothiodystrophy	Trichothiodystrophy		Trichothiodystrophy 2, photosensitive; Trichothiodystrophy 7, nonphotosensitive; Trichothiodystrophy 3, photosensitive	OMIM	lower	
trichotillomania	Trichotillomania		Trichotillomania	OMIM	lower	
trigonocephaly	Trigonocephaly		Trigonocephaly 1; Trigonocephaly 2	OMIM	lower	
trimethylaminuria	Trimethylaminuria		Trimethylaminuria	OMIM	lower	
triokinase	Triokinase		Triokinase and FMN cyclase deficiency syndrome	OMIM	lower	
triphalangeal	Triphalangeal		Triphalangeal thumb-polysyndactyly syndrome; Triphalangeal thumb	OMIM	lower	
tropical	Tropical		Tropical calcific pancreatitis	OMIM	lower	
trousseau	Trousseau		Thrombocytopenia, Paris-Trousseau type	OMIM	cap	
tsc	TSC		TSC2 angiomyolipomas, renal, modifier of	OMIM	cap	
tuberculin	Tuberculin		Tuberculin skin test reactivity QTL; Tuberculin skin test reactivity, absence of	OMIM	lower	
tuberculosis	Tuberculosis		Tuberculosis, susceptibility to; Tuberculosis infection, protection against; Tuberculosis, protection against	OMIM	lower	
tuberous	Tuberous		Tuberous sclerosis-1; Tuberous sclerosis-2	OMIM	lower	
tubulointerstitial	Tubulointerstitial		Tubulointerstitial kidney disease, autosomal dominant, 2; Tubulointerstitial kidney disease, autosomal dominant, 4; Tubulointerstitial kidney disease, autosomal dominant, 5	OMIM	lower	
tukel	Tukel		Tukel syndrome	OMIM	cap	
tumor	Tumor		Tumor predisposition syndrome 1; Tumor predisposition syndrome 2; Tumor predisposition syndrome 3	OMIM	lower	
tumoral	Tumoral		Tumoral calcinosis, hyperphosphatemic, familial, 1; Tumoral calcinosis, familial, normophosphatemic; Tumoral calcinosis, hyperphosphatemic, familial, 2	OMIM	lower	
turner	Turner		Turner syndrome-associated neurocognitive phenotype; Intellectual developmental disorder, X-linked syndromic, ...; Wilson-Turner syndrome	OMIM	cap	
turnpenny	Turnpenny		Turnpenny-Fry syndrome	OMIM	cap	
tylosis	Tylosis		Tylosis with esophageal cancer	OMIM	lower	
type	Type		Type 2 diabetes mellitus, susceptibility to; Type 1 diabetes mellitus 12; Type 2 diabetes mellitus	OMIM	lower	
tyrosinemia	Tyrosinemia		Tyrosinemia, type III; Tyrosinemia, type I; Tyrosinemia, type II	OMIM	lower	
ullrich	Ullrich		Ullrich congenital muscular dystrophy 1C; Ullrich congenital muscular dystrophy 2; Ullrich congenital muscular dystrophy 1A	OMIM	cap	
ulna	Ulna		Ulna and fibula, absence of, with severe limb deficiency	OMIM	lower	
ulnar	Ulnar		Ulnar-mammary syndrome	OMIM	lower	
uncombable	Uncombable		Uncombable hair syndrome; Uncombable hair syndrome 3; Uncombable hair syndrome 2	OMIM	lower	
unverricht	Unverricht		Epilepsy, progressive myoclonic 1A (Unverricht and Lundborg)	OMIM	cap	
urate	Urate		Urate oxidase deficiency] (1)	OMIM	lower	
urbach	Urbach		Urbach-Wiethe disease	OMIM	cap	
uric	Uric		Uric acid concentration, serum, QTL6; Uric acid concentration, serum, QTL 2; Uric acid concentration, serum, QTL1	OMIM	lower	
uridine	Uridine		Uridine-cytidineuria	OMIM	lower	
urocanase	Urocanase		Urocanase deficiency	OMIM	lower	
urofacial	Urofacial		Urofacial syndrome 2; Urofacial syndrome 1	OMIM	lower	
uruguay	Uruguay		Uruguay faciocardiomusculoskeletal syndrome	OMIM	cap	
usher	Usher		Usher syndrome, type 1M; Usher syndrome, type 2A; Usher syndrome, type 3A	OMIM	cap	
usmani	Usmani		Usmani-Riazuddin syndrome, autosomal recessive; Usmani-Riazuddin syndrome, autosomal dominant	OMIM	cap	
uveal	Uveal		Uveal melanoma, susceptibility to, 2; Uveal melanoma, susceptibility to, 1	OMIM	lower	
vacterl	VACTERL		VACTERL association, X-linked	OMIM	cap	
valence	Valence		Valence-Farazi cerebellar ataxia syndrome	OMIM	cap	
van	Van		Van Maldergem syndrome 2; Brown-Vialetto-Van Laere syndrome 2; Van Maldergem syndrome 1	OMIM	lower	
vanagaite	Vanagaite		Basel-Vanagaite-Smirin-Yosef syndrome	OMIM	cap	
variegate	Variegate		Variegate porphyria, childhood-onset; Variegate porphyria	OMIM	lower	
varon	Varon		Yunis-Varon syndrome	OMIM	cap	
vascular	Vascular		Vascular disease, susceptibility to} (3); Vascular malformation, primary intraosseous	OMIM	lower	
vasculitis	Vasculitis		Vasculitis, autoinflammation, immunodeficiency, and hemat...	OMIM	lower	
vasculopathy	Vasculopathy		Vasculopathy, retinal, with cerebral leukoencephalopathy ...	OMIM	lower	
vel	Vel		Blood group, Vel system	OMIM	cap	
velocardiofacial	Velocardiofacial		Velocardiofacial syndrome	OMIM	cap	
venous	Venous		Venous thrombosis, protection against; Venous malformations, multiple cutaneous and mucosal; Venous thromboembolism, susceptibility to	OMIM	lower	
ventricular	Ventricular		Ventricular tachycardia, catecholaminergic polymorphic, 2; Ventricular tachycardia, catecholaminergic polymorphic, 1; Ventricular arrhythmias due to cardiac ryanodine receptor...	OMIM	lower	
ventriculomegaly	Ventriculomegaly		Ventriculomegaly and arthrogryposis; Ventriculomegaly with cystic kidney disease	OMIM	lower	
verheij	Verheij		Verheij syndrome	OMIM	cap	
vernon	Vernon		Shukla-Vernon syndrome	OMIM	cap	
vertebral	Vertebral		Vertebral, cardiac, renal, and limb defects syndrome 1; Vertebral, cardiac, renal, and limb defects syndrome 2; Vertebral, cardiac, renal, and limb defects syndrome 3	OMIM	lower	
vertical	Vertical		Vertical talus, congenital	OMIM	lower	
vertigo	Vertigo		Vertigo, benign recurrent, 2	OMIM	lower	
ververi	Ververi		Ververi-Brady syndrome 1; Ververi-Brady syndrome 2	OMIM	cap	
vesicoureteral	Vesicoureteral		Vesicoureteral reflux 1; Vesicoureteral reflux 2; Vesicoureteral reflux 4	OMIM	lower	
vexas	VEXAS		VEXAS syndrome, somatic	OMIM	cap	
via	VIA		Hereditary motor and sensory neuropathy VIA	OMIM	lower	
vialetto	Vialetto		Brown-Vialetto-Van Laere syndrome 2; Brown-Vialetto-Van Laere syndrome 1	OMIM	cap	
vib	VIB		Neuropathy, hereditary motor and sensory, type VIB	OMIM	lower	
vibratory	Vibratory		Vibratory urticaria	OMIM	lower	
vic	VIC		Neuropathy, hereditary motor and sensory, type VIC, with ...	OMIM	lower	
vici	Vici		Vici syndrome	OMIM	cap	
vii	VII		Maturity-onset diabetes of the young, type VII; Osteogenesis imperfecta, type VII; Neuropathy, hereditary sensory and autonomic, type VII	OMIM	lower	
viia	VIIA		3-methylglutaconic aciduria, type VIIA, autosomal dominant	OMIM	lower	
viib	VIIB		3-methylglutaconic aciduria, type VIIB, autosomal recessive	OMIM	lower	
viii	VIII		Osteogenesis imperfecta, type VIII; Factor V and factor VIII, combined deficiency of; 3-methylglutaconic aciduria, type VIII	OMIM	lower	
visceral	Visceral		Visceral myopathy 1; Visceral neuropathy, familial, 1, autosomal recessive; Visceral myopathy 2	OMIM	lower	
viss	VISS		VISS syndrome	OMIM	cap	
vissers	Vissers		Vissers-Bodmer syndrome	OMIM	cap	
visual	Visual		Visual impairment and progressive phthisis bulbi	OMIM	lower	
vitamin	Vitamin		Vitamin B6 plasma level QTL 1; Vitamin K-dependent clotting factors, combined deficiency...; Vitamin D-dependent rickets, type 3	OMIM	lower	
vitiligo	Vitiligo		Vitiligo-associated multiple autoimmune disease susceptib...; Vitiligo-associated multiple autoimmune disease susceptib...	OMIM	lower	
vitreoretinochoroidopathy	Vitreoretinochoroidopathy		Vitreoretinochoroidopathy	OMIM	lower	
vitreoretinopathy	Vitreoretinopathy		Vitreoretinopathy, neovascular inflammatory; Vitreoretinopathy with phalangeal epiphyseal dysplasia	OMIM	lower	
vogel	Vogel		Yuksel-Vogel-Bauser syndrome	OMIM	cap	
vohwinkel	Vohwinkel		Vohwinkel syndrome with ichthyosis; Vohwinkel syndrome	OMIM	cap	
voisin	Voisin		den Hoed-de Boer-Voisin syndrome	OMIM	cap	
vries	Vries		Vulto-van Silfout-de Vries syndrome; Gabriele-de Vries syndrome; Koolen-De Vries syndrome	OMIM	cap	
vulto	Vulto		Vulto-van Silfout-de Vries syndrome	OMIM	cap	
waardenburg	Waardenburg		Waardenburg syndrome, type 2B; Waardenburg syndrome, type 3; Waardenburg syndrome, type 1	OMIM	cap	
wagner	Wagner		Wagner syndrome 1; Brunet-Wagner neurodevelopmental syndrome	OMIM	cap	
wagro	WAGRO		WAGRO syndrome	OMIM	cap	
waisman	Waisman		Waisman syndrome	OMIM	cap	
wakeling	Wakeling		Forsythe-Wakeling syndrome	OMIM	cap	
waldenstrom	Waldenstrom		Macroglobulinemia, Waldenstrom, somatic; Macroglobulinemia, Waldenstrom, susceptibility to, 2	OMIM	cap	
waldner	Waldner		Blood group, Waldner	OMIM	cap	
walker	Walker		Dandy-Walker syndrome; Marden-Walker syndrome	OMIM	cap	
wang	Wang		Liang-Wang syndrome	OMIM	cap	
warburg	Warburg		Warburg-Cinotti syndrome; Warburg micro syndrome 2; Warburg micro syndrome 1	OMIM	cap	
warfarin	Warfarin		Warfarin sensitivity; Warfarin resistance	OMIM	cap	
warsaw	Warsaw		Warsaw breakage syndrome	OMIM	cap	
waters	Waters		Elsahy-Waters syndrome	OMIM	cap	
watson	Watson		Watson syndrome	OMIM	cap	
weaver	Weaver		Weaver syndrome	OMIM	cap	
webb	Webb		Webb-Dattani syndrome	OMIM	cap	
weber	Weber		Klippel-Trenaunay-Weber syndrome; Sturge-Weber syndrome, somatic, mosaic	OMIM	cap	
weill	Weill		Weill-Marchesani syndrome 3, recessive; Weill-Marchesani syndrome 2, dominant; Weill-Marchesani 4 syndrome, recessive	OMIM	cap	
weiss	Weiss		Jackson-Weiss syndrome; Weiss-Kruszka syndrome; Sifrim-Hitz-Weiss syndrome	OMIM	cap	
weisz	Weisz		Li-Ghorgani-Weisz-Hubshman syndrome	OMIM	cap	
welander	Welander		Welander distal myopathy	OMIM	cap	
wells	Wells		Muckle-Wells syndrome; Hay-Wells syndrome	OMIM	cap	
werner	Werner		Werner syndrome	OMIM	cap	
west	West		West nile virus, susceptibility to	OMIM	lower	common word, handle deviations with pattern
weyers	Weyers		Weyers acrofacial dysostosis	OMIM	cap	
whim	WHIM		WHIM syndrome 1; WHIM syndrome 2	OMIM	cap	
white	White		White-Sutton syndrome; White blood cell count QTL; Wolff-Parkinson-White syndrome	OMIM	cap	
wieacker	Wieacker		Wieacker-Wolff syndrome; Wieacker-Wolff syndrome, female-restricted	OMIM	cap	
wiedemann	Wiedemann		Stuve-Wiedemann syndrome/Schwartz-Jampel type 2 syndrome; Stuve-Wiedemann syndrome 2; Wiedemann-Rautenstrauch syndrome	OMIM	cap	
wiener	Wiener		Blood group, Landsteiner-Wiener	OMIM	cap	
wiethe	Wiethe		Urbach-Wiethe disease	OMIM	cap	
willebrand	Willebrand		von Willebrand disease, type 1; von Willebrand disease, types 2A, 2B, 2M, and 2N; von Willebrand disease, type 3	OMIM	cap	
willi	Willi		Prader-Willi syndrome	OMIM	cap	
williams	Williams		Williams-Beuren syndrome	OMIM	cap	
wilms	Wilms		Wilms tumor 6, susceptibility to; Wilms tumor susceptibility-5; Wilms tumor 2	OMIM	cap	
wilson	Wilson		Mowat-Wilson syndrome; Wilson disease; Saul-Wilson syndrome	OMIM	cap	
winchester	Winchester		Winchester syndrome	OMIM	cap	
winter	Winter		Baraitser-Winter syndrome 1; Baraitser-Winter syndrome 2	OMIM	lower	common word, handle deviations with pattern
wiskott	Wiskott		Wiskott-Aldrich syndrome 2; Wiskott-Aldrich syndrome	OMIM	cap	
witkop	Witkop		Ectodermal dysplasia 3, Witkop type	OMIM	cap	
witteveen	Witteveen		Witteveen-Kolk syndrome	OMIM	cap	
wolf	Wolf		Wolf-Hirschhorn syndrome	OMIM	cap	
wolff	Wolff		Wolff-Parkinson-White syndrome; Wieacker-Wolff syndrome; Wieacker-Wolff syndrome, female-restricted	OMIM	cap	
wolfram	Wolfram		Wolfram-like syndrome, autosomal dominant; Wolfram syndrome 1; Wolfram syndrome 2	OMIM	cap	
wolman	Wolman		Wolman disease	OMIM	cap	
wood	Wood		Lowry-Wood syndrome	OMIM	lower	common word, handle deviations with pattern
woodhouse	Woodhouse		Woodhouse-Sakati syndrome	OMIM	cap	
woods	Woods		Woods-Black-Norbury syndrome	OMIM	cap	
woolly	Woolly		Woolly hair-skin fragility syndrome; Woolly hair, autosomal recessive 2 with or without hypotr...; Woolly hair, autosomal dominant	OMIM	cap	
woude	Woude		van der Woude syndrome 2; van der Woude syndrome 1	OMIM	cap	
wright	Wright		Blood group, Wright	OMIM	cap	
wrinkly	Wrinkly		Wrinkly skin syndrome	OMIM	lower	
xanthinuria	Xanthinuria		Xanthinuria, type I; Xanthinuria, type II	OMIM	lower	
xeroderma	Xeroderma		Xeroderma pigmentosum, group B; Xeroderma pigmentosum, group C; Xeroderma pigmentosum, complementation group J	OMIM	lower	
xerosis	Xerosis		Xerosis and growth failure with immune and pulmonary dysf...	OMIM	lower	
xfe	XFE		XFE progeroid syndrome	OMIM	cap	
xia	Xia		Xia-Gibbs syndrome	OMIM	cap	
xii	XII		Factor XII deficiency; Osteogenesis imperfecta, type XII; Glycogen storage disease XII	OMIM	lower	
xiii	XIII		Osteogenesis imperfecta, type XIII; Glycogen storage disease XIII	OMIM	lower	
xiv	XIV		Osteogenesis imperfecta, type XIV; Orofaciodigital syndrome XIV	OMIM	lower	
xix	XIX		Orofaciodigital syndrome XIX; Osteogenesis imperfecta, type XIX	OMIM	lower	
xvi	XVI		Osteogenesis imperfecta, type XVI; Orofaciodigital syndrome XVI	OMIM	lower	
xvii	XVII		Orofaciodigital syndrome XVII; Osteogenesis imperfecta, type XVII	OMIM	lower	
xviii	XVIII		Orofaciodigital syndrome XVIII; Osteogenesis imperfecta, type XVIII	OMIM	lower	
xxi	XXI		Osteogenesis imperfecta, type XXI; Orofaciodigital syndrome XXI	OMIM	lower	
xxii	XXII		Osteogenesis imperfecta, type XXII	OMIM	lower	
xxiii	XXIII		Osteogenesis imperfecta, type XXIII	OMIM	lower	
yamamoto	Yamamoto		Luo-Schoch-Yamamoto syndrome	OMIM	cap	
yang	Yang		Schaaf-Yang syndrome	OMIM	cap	
yao	Yao		Yao syndrome	OMIM	cap	
yellow	Yellow		Yellow nail syndrome	OMIM	lower	
yoon	Yoon		Harel-Yoon syndrome	OMIM	cap	
yosef	Yosef		Basel-Vanagaite-Smirin-Yosef syndrome	OMIM	cap	
you	You		You-Hoover-Fong syndrome	OMIM	cap	
yuan	Yuan		Alazami-Yuan syndrome; Yuan-Harel-Lupski syndrome	OMIM	cap	
yuksel	Yuksel		Yuksel-Vogel-Bauser syndrome	OMIM	cap	
yunis	Yunis		Yunis-Varon syndrome	OMIM	cap	
zaki	Zaki		Zaki syndrome	OMIM	cap	
zellweger	Zellweger		Peroxisome biogenesis disorder 6A (Zellweger); Peroxisome biogenesis disorder 13A (Zellweger); Peroxisome biogenesis disorder 12A (Zellweger)	OMIM	cap	
ziegler	Ziegler		Ziegler-Huang syndrome	OMIM	cap	
zimmermann	Zimmermann		Zimmermann-Laband syndrome 3; Zimmermann-Laband syndrome 1; Zimmermann-Laband syndrome 2	OMIM	cap	
zinc	Zinc		Zinc deficiency, transient neonatal	OMIM	lower	
zirnsak	Zirnsak		Fischer-Zirnsak progeroid syndrome	OMIM	cap	
ziter	Ziter		Carey-Fineman-Ziter syndrome 2; Carey-Fineman-Ziter syndrome	OMIM	cap	
zttk	ZTTK		ZTTK syndrome	OMIM	cap	
zweier	Zweier		Fliedner-Zweier syndrome	OMIM	cap	
zygodactyly	Zygodactyly		Zygodactyly 1	OMIM	lower	
